[{"model": "contenttypes.contenttype", "pk": 1, "fields": {"app_label": "admin", "model": "logentry"}}, {"model": "contenttypes.contenttype", "pk": 2, "fields": {"app_label": "auth", "model": "permission"}}, {"model": "contenttypes.contenttype", "pk": 3, "fields": {"app_label": "auth", "model": "user"}}, {"model": "contenttypes.contenttype", "pk": 4, "fields": {"app_label": "auth", "model": "group"}}, {"model": "contenttypes.contenttype", "pk": 5, "fields": {"app_label": "contenttypes", "model": "contenttype"}}, {"model": "contenttypes.contenttype", "pk": 6, "fields": {"app_label": "sessions", "model": "session"}}, {"model": "contenttypes.contenttype", "pk": 7, "fields": {"app_label": "sites", "model": "site"}}, {"model": "contenttypes.contenttype", "pk": 8, "fields": {"app_label": "flatpages", "model": "flatpage"}}, {"model": "contenttypes.contenttype", "pk": 9, "fields": {"app_label": "analytics", "model": "userrecord"}}, {"model": "contenttypes.contenttype", "pk": 10, "fields": {"app_label": "analytics", "model": "productrecord"}}, {"model": "contenttypes.contenttype", "pk": 11, "fields": {"app_label": "analytics", "model": "userproductview"}}, {"model": "contenttypes.contenttype", "pk": 12, "fields": {"app_label": "analytics", "model": "usersearch"}}, {"model": "contenttypes.contenttype", "pk": 13, "fields": {"app_label": "address", "model": "useraddress"}}, {"model": "contenttypes.contenttype", "pk": 14, "fields": {"app_label": "address", "model": "country"}}, {"model": "contenttypes.contenttype", "pk": 15, "fields": {"app_label": "shipping", "model": "weightbased"}}, {"model": "contenttypes.contenttype", "pk": 16, "fields": {"app_label": "shipping", "model": "weightband"}}, {"model": "contenttypes.contenttype", "pk": 17, "fields": {"app_label": "shipping", "model": "orderanditemcharges"}}, {"model": "contenttypes.contenttype", "pk": 18, "fields": {"app_label": "catalogue", "model": "productattribute"}}, {"model": "contenttypes.contenttype", "pk": 19, "fields": {"app_label": "catalogue", "model": "productattributevalue"}}, {"model": "contenttypes.contenttype", "pk": 20, "fields": {"app_label": "catalogue", "model": "productclass"}}, {"model": "contenttypes.contenttype", "pk": 21, "fields": {"app_label": "catalogue", "model": "attributeoptiongroup"}}, {"model": "contenttypes.contenttype", "pk": 22, "fields": {"app_label": "catalogue", "model": "productcategory"}}, {"model": "contenttypes.contenttype", "pk": 23, "fields": {"app_label": "catalogue", "model": "product"}}, {"model": "contenttypes.contenttype", "pk": 24, "fields": {"app_label": "catalogue", "model": "attributeoption"}}, {"model": "contenttypes.contenttype", "pk": 25, "fields": {"app_label": "catalogue", "model": "productimage"}}, {"model": "contenttypes.contenttype", "pk": 26, "fields": {"app_label": "catalogue", "model": "category"}}, {"model": "contenttypes.contenttype", "pk": 27, "fields": {"app_label": "catalogue", "model": "productrecommendation"}}, {"model": "contenttypes.contenttype", "pk": 28, "fields": {"app_label": "catalogue", "model": "option"}}, {"model": "contenttypes.contenttype", "pk": 29, "fields": {"app_label": "reviews", "model": "vote"}}, {"model": "contenttypes.contenttype", "pk": 30, "fields": {"app_label": "reviews", "model": "productreview"}}, {"model": "contenttypes.contenttype", "pk": 31, "fields": {"app_label": "partner", "model": "partneraddress"}}, {"model": "contenttypes.contenttype", "pk": 32, "fields": {"app_label": "partner", "model": "stockrecord"}}, {"model": "contenttypes.contenttype", "pk": 33, "fields": {"app_label": "partner", "model": "partner"}}, {"model": "contenttypes.contenttype", "pk": 34, "fields": {"app_label": "partner", "model": "stockalert"}}, {"model": "contenttypes.contenttype", "pk": 35, "fields": {"app_label": "basket", "model": "lineattribute"}}, {"model": "contenttypes.contenttype", "pk": 36, "fields": {"app_label": "basket", "model": "line"}}, {"model": "contenttypes.contenttype", "pk": 37, "fields": {"app_label": "basket", "model": "basket"}}, {"model": "contenttypes.contenttype", "pk": 38, "fields": {"app_label": "payment", "model": "source"}}, {"model": "contenttypes.contenttype", "pk": 39, "fields": {"app_label": "payment", "model": "transaction"}}, {"model": "contenttypes.contenttype", "pk": 40, "fields": {"app_label": "payment", "model": "sourcetype"}}, {"model": "contenttypes.contenttype", "pk": 41, "fields": {"app_label": "payment", "model": "bankcard"}}, {"model": "contenttypes.contenttype", "pk": 42, "fields": {"app_label": "offer", "model": "condition"}}, {"model": "contenttypes.contenttype", "pk": 43, "fields": {"app_label": "offer", "model": "benefit"}}, {"model": "contenttypes.contenttype", "pk": 44, "fields": {"app_label": "offer", "model": "rangeproductfileupload"}}, {"model": "contenttypes.contenttype", "pk": 45, "fields": {"app_label": "offer", "model": "conditionaloffer"}}, {"model": "contenttypes.contenttype", "pk": 46, "fields": {"app_label": "offer", "model": "range"}}, {"model": "contenttypes.contenttype", "pk": 47, "fields": {"app_label": "offer", "model": "rangeproduct"}}, {"model": "contenttypes.contenttype", "pk": 48, "fields": {"app_label": "offer", "model": "valuecondition"}}, {"model": "contenttypes.contenttype", "pk": 49, "fields": {"app_label": "offer", "model": "multibuydiscountbenefit"}}, {"model": "contenttypes.contenttype", "pk": 50, "fields": {"app_label": "offer", "model": "shippingpercentagediscountbenefit"}}, {"model": "contenttypes.contenttype", "pk": 51, "fields": {"app_label": "offer", "model": "countcondition"}}, {"model": "contenttypes.contenttype", "pk": 52, "fields": {"app_label": "offer", "model": "shippingabsolutediscountbenefit"}}, {"model": "contenttypes.contenttype", "pk": 53, "fields": {"app_label": "offer", "model": "shippingfixedpricebenefit"}}, {"model": "contenttypes.contenttype", "pk": 54, "fields": {"app_label": "offer", "model": "percentagediscountbenefit"}}, {"model": "contenttypes.contenttype", "pk": 55, "fields": {"app_label": "offer", "model": "coveragecondition"}}, {"model": "contenttypes.contenttype", "pk": 56, "fields": {"app_label": "offer", "model": "shippingbenefit"}}, {"model": "contenttypes.contenttype", "pk": 57, "fields": {"app_label": "offer", "model": "absolutediscountbenefit"}}, {"model": "contenttypes.contenttype", "pk": 58, "fields": {"app_label": "offer", "model": "fixedpricebenefit"}}, {"model": "contenttypes.contenttype", "pk": 59, "fields": {"app_label": "order", "model": "paymenteventquantity"}}, {"model": "contenttypes.contenttype", "pk": 60, "fields": {"app_label": "order", "model": "shippingeventquantity"}}, {"model": "contenttypes.contenttype", "pk": 61, "fields": {"app_label": "order", "model": "billingaddress"}}, {"model": "contenttypes.contenttype", "pk": 62, "fields": {"app_label": "order", "model": "ordernote"}}, {"model": "contenttypes.contenttype", "pk": 63, "fields": {"app_label": "order", "model": "communicationevent"}}, {"model": "contenttypes.contenttype", "pk": 64, "fields": {"app_label": "order", "model": "shippingeventtype"}}, {"model": "contenttypes.contenttype", "pk": 65, "fields": {"app_label": "order", "model": "shippingevent"}}, {"model": "contenttypes.contenttype", "pk": 66, "fields": {"app_label": "order", "model": "lineprice"}}, {"model": "contenttypes.contenttype", "pk": 67, "fields": {"app_label": "order", "model": "shippingaddress"}}, {"model": "contenttypes.contenttype", "pk": 68, "fields": {"app_label": "order", "model": "line"}}, {"model": "contenttypes.contenttype", "pk": 69, "fields": {"app_label": "order", "model": "orderdiscount"}}, {"model": "contenttypes.contenttype", "pk": 70, "fields": {"app_label": "order", "model": "lineattribute"}}, {"model": "contenttypes.contenttype", "pk": 71, "fields": {"app_label": "order", "model": "paymenteventtype"}}, {"model": "contenttypes.contenttype", "pk": 72, "fields": {"app_label": "order", "model": "paymentevent"}}, {"model": "contenttypes.contenttype", "pk": 73, "fields": {"app_label": "order", "model": "order"}}, {"model": "contenttypes.contenttype", "pk": 74, "fields": {"app_label": "customer", "model": "productalert"}}, {"model": "contenttypes.contenttype", "pk": 75, "fields": {"app_label": "customer", "model": "notification"}}, {"model": "contenttypes.contenttype", "pk": 76, "fields": {"app_label": "customer", "model": "email"}}, {"model": "contenttypes.contenttype", "pk": 77, "fields": {"app_label": "customer", "model": "communicationeventtype"}}, {"model": "contenttypes.contenttype", "pk": 78, "fields": {"app_label": "promotions", "model": "keywordpromotion"}}, {"model": "contenttypes.contenttype", "pk": 79, "fields": {"app_label": "promotions", "model": "automaticproductlist"}}, {"model": "contenttypes.contenttype", "pk": 80, "fields": {"app_label": "promotions", "model": "orderedproduct"}}, {"model": "contenttypes.contenttype", "pk": 81, "fields": {"app_label": "promotions", "model": "rawhtml"}}, {"model": "contenttypes.contenttype", "pk": 82, "fields": {"app_label": "promotions", "model": "image"}}, {"model": "contenttypes.contenttype", "pk": 83, "fields": {"app_label": "promotions", "model": "handpickedproductlist"}}, {"model": "contenttypes.contenttype", "pk": 84, "fields": {"app_label": "promotions", "model": "tabbedblock"}}, {"model": "contenttypes.contenttype", "pk": 85, "fields": {"app_label": "promotions", "model": "singleproduct"}}, {"model": "contenttypes.contenttype", "pk": 86, "fields": {"app_label": "promotions", "model": "orderedproductlist"}}, {"model": "contenttypes.contenttype", "pk": 87, "fields": {"app_label": "promotions", "model": "pagepromotion"}}, {"model": "contenttypes.contenttype", "pk": 88, "fields": {"app_label": "promotions", "model": "multiimage"}}, {"model": "contenttypes.contenttype", "pk": 89, "fields": {"app_label": "voucher", "model": "voucherset"}}, {"model": "contenttypes.contenttype", "pk": 90, "fields": {"app_label": "voucher", "model": "voucherapplication"}}, {"model": "contenttypes.contenttype", "pk": 91, "fields": {"app_label": "voucher", "model": "voucher"}}, {"model": "contenttypes.contenttype", "pk": 92, "fields": {"app_label": "wishlists", "model": "wishlist"}}, {"model": "contenttypes.contenttype", "pk": 93, "fields": {"app_label": "wishlists", "model": "line"}}, {"model": "contenttypes.contenttype", "pk": 94, "fields": {"app_label": "thumbnail", "model": "kvstore"}}, {"model": "sessions.session", "pk": "71e6h1398m24tsmr2rn9wchum8p691e1", "fields": {"session_data": "MzAyZjAwMGExM2M1YzhiNTlmOTE1YmUwOGYyMjYwMThiYzk4ZmI4Mjp7Il9hdXRoX3VzZXJfaWQiOiIyIiwiX2F1dGhfdXNlcl9iYWNrZW5kIjoib3NjYXIuYXBwcy5jdXN0b21lci5hdXRoX2JhY2tlbmRzLkVtYWlsQmFja2VuZCIsIl9hdXRoX3VzZXJfaGFzaCI6ImY4NmU5ZGZiY2FkN2Q4YTVlMmZjZTIzYmYwZGE0ZDIzYWQ2Y2I2OTYiLCJjaGVja291dF9kYXRhIjp7fX0=", "expire_date": "2018-12-22T22:55:02.819Z"}}, {"model": "sites.site", "pk": 1, "fields": {"domain": "example.com", "name": "example.com"}}, {"model": "analytics.productrecord", "pk": 1, "fields": {"product": 11, "num_views": 6, "num_basket_additions": 0, "num_purchases": 0, "score": 0.0}}, {"model": "analytics.productrecord", "pk": 2, "fields": {"product": 6, "num_views": 1, "num_basket_additions": 0, "num_purchases": 0, "score": 0.0}}, {"model": "analytics.productrecord", "pk": 3, "fields": {"product": 13, "num_views": 1, "num_basket_additions": 2, "num_purchases": 0, "score": 0.0}}, {"model": "analytics.productrecord", "pk": 4, "fields": {"product": 1, "num_views": 2, "num_basket_additions": 0, "num_purchases": 0, "score": 0.0}}, {"model": "analytics.productrecord", "pk": 5, "fields": {"product": 12, "num_views": 0, "num_basket_additions": 1, "num_purchases": 0, "score": 0.0}}, {"model": "catalogue.productclass", "pk": 1, "fields": {"name": "Shoes", "slug": "shoes", "requires_shipping": true, "track_stock": true, "options": []}}, {"model": "catalogue.productclass", "pk": 2, "fields": {"name": "Clothes", "slug": "clothes", "requires_shipping": true, "track_stock": true, "options": []}}, {"model": "catalogue.category", "pk": 7, "fields": {"path": "0001", "depth": 1, "numchild": 2, "name": "Clothes", "description": "", "image": "categories/pexels-photo-996329.jpeg", "slug": "clothes"}}, {"model": "catalogue.category", "pk": 8, "fields": {"path": "0002", "depth": 1, "numchild": 2, "name": "Shoes", "description": "", "image": "categories/pexels-photo-1021145.jpeg", "slug": "shoes"}}, {"model": "catalogue.category", "pk": 9, "fields": {"path": "00010002", "depth": 2, "numchild": 0, "name": "Men", "description": "", "image": "categories/pexels-photo-555790.png", "slug": "men"}}, {"model": "catalogue.category", "pk": 10, "fields": {"path": "00010001", "depth": 2, "numchild": 0, "name": "Women", "description": "", "image": "categories/pexels-photo-428338.jpeg", "slug": "women"}}, {"model": "catalogue.category", "pk": 11, "fields": {"path": "00020002", "depth": 2, "numchild": 0, "name": "Men", "description": "", "image": "categories/pexels-photo-718981.jpeg", "slug": "men"}}, {"model": "catalogue.category", "pk": 12, "fields": {"path": "00020001", "depth": 2, "numchild": 0, "name": "Women", "description": "", "image": "categories/pexels-photo-273930.jpeg", "slug": "women"}}, {"model": "catalogue.productcategory", "pk": 1, "fields": {"product": 1, "category": 9}}, {"model": "catalogue.productcategory", "pk": 2, "fields": {"product": 2, "category": 9}}, {"model": "catalogue.productcategory", "pk": 3, "fields": {"product": 3, "category": 9}}, {"model": "catalogue.productcategory", "pk": 4, "fields": {"product": 4, "category": 9}}, {"model": "catalogue.productcategory", "pk": 5, "fields": {"product": 5, "category": 11}}, {"model": "catalogue.productcategory", "pk": 6, "fields": {"product": 6, "category": 11}}, {"model": "catalogue.productcategory", "pk": 8, "fields": {"product": 8, "category": 12}}, {"model": "catalogue.productcategory", "pk": 9, "fields": {"product": 9, "category": 10}}, {"model": "catalogue.productcategory", "pk": 10, "fields": {"product": 10, "category": 10}}, {"model": "catalogue.productcategory", "pk": 11, "fields": {"product": 11, "category": 10}}, {"model": "catalogue.productcategory", "pk": 12, "fields": {"product": 12, "category": 10}}, {"model": "catalogue.productcategory", "pk": 13, "fields": {"product": 13, "category": 12}}, {"model": "catalogue.product", "pk": 1, "fields": {"structure": "standalone", "upc": "72527273070", "parent": null, "title": "Shirt", "slug": "shirt", "description": "<p>Formal shirts</p>", "product_class": 2, "rating": null, "date_created": "2018-12-08T21:39:58.856Z", "date_updated": "2018-12-08T22:48:18.829Z", "is_discountable": true, "product_options": []}}, {"model": "catalogue.product", "pk": 2, "fields": {"structure": "standalone", "upc": "72527273071", "parent": null, "title": "White T-Shirts", "slug": "white-t-shirts", "description": "<p>White T-shirts</p>", "product_class": 2, "rating": null, "date_created": "2018-12-08T21:43:19.924Z", "date_updated": "2018-12-08T22:46:03.377Z", "is_discountable": true, "product_options": []}}, {"model": "catalogue.product", "pk": 3, "fields": {"structure": "standalone", "upc": "72527273072", "parent": null, "title": "Fashion Jeans", "slug": "fashion-jeans", "description": "<p>Blue jeans</p>", "product_class": 2, "rating": null, "date_created": "2018-12-08T21:46:09.228Z", "date_updated": "2018-12-08T22:45:30.492Z", "is_discountable": true, "product_options": []}}, {"model": "catalogue.product", "pk": 4, "fields": {"structure": "standalone", "upc": "72527273073", "parent": null, "title": "Black formal pants", "slug": "black-formal-pants", "description": "<p>Office wear pants</p>", "product_class": 2, "rating": null, "date_created": "2018-12-08T21:48:24.451Z", "date_updated": "2018-12-08T22:45:44.579Z", "is_discountable": true, "product_options": []}}, {"model": "catalogue.product", "pk": 5, "fields": {"structure": "standalone", "upc": "72527273075", "parent": null, "title": "Lace-ups", "slug": "lace-ups", "description": "<p>Black formal shoes</p>", "product_class": 1, "rating": null, "date_created": "2018-12-08T21:49:46.182Z", "date_updated": "2018-12-08T22:46:14.174Z", "is_discountable": true, "product_options": []}}, {"model": "catalogue.product", "pk": 6, "fields": {"structure": "standalone", "upc": "72527273076", "parent": null, "title": "Sneakers", "slug": "sneakers", "description": "<p>Black Sneakers</p>", "product_class": 1, "rating": null, "date_created": "2018-12-08T21:52:51.473Z", "date_updated": "2018-12-08T22:48:04.136Z", "is_discountable": true, "product_options": []}}, {"model": "catalogue.product", "pk": 8, "fields": {"structure": "standalone", "upc": "72527273082", "parent": null, "title": "Sneakers", "slug": "sneakers", "description": "<p>Womens sneakers</p>", "product_class": 1, "rating": null, "date_created": "2018-12-08T21:57:21.708Z", "date_updated": "2018-12-08T22:46:35.591Z", "is_discountable": true, "product_options": []}}, {"model": "catalogue.product", "pk": 9, "fields": {"structure": "standalone", "upc": "72527273081", "parent": null, "title": "Dress", "slug": "dress", "description": "<p>blue dress</p>", "product_class": 2, "rating": null, "date_created": "2018-12-08T21:59:14.309Z", "date_updated": "2018-12-08T22:46:54.250Z", "is_discountable": true, "product_options": []}}, {"model": "catalogue.product", "pk": 10, "fields": {"structure": "standalone", "upc": "72527273088", "parent": null, "title": "T-shirt", "slug": "t-shirt", "description": "<p>womens tshirt</p>\r\n<p>\u00a0</p>", "product_class": 2, "rating": null, "date_created": "2018-12-08T22:01:32.884Z", "date_updated": "2018-12-08T22:47:24.313Z", "is_discountable": true, "product_options": []}}, {"model": "catalogue.product", "pk": 11, "fields": {"structure": "standalone", "upc": "72527273089", "parent": null, "title": "Jeans", "slug": "jeans", "description": "<p>Womens jeans</p>", "product_class": 2, "rating": null, "date_created": "2018-12-08T22:03:42.747Z", "date_updated": "2018-12-08T22:47:10.437Z", "is_discountable": true, "product_options": []}}, {"model": "catalogue.product", "pk": 12, "fields": {"structure": "standalone", "upc": "978020137962", "parent": null, "title": "Blouse", "slug": "blouse", "description": "<p>Womens blouse</p>", "product_class": 2, "rating": null, "date_created": "2018-12-08T22:15:41.906Z", "date_updated": "2018-12-08T22:47:36.500Z", "is_discountable": true, "product_options": []}}, {"model": "catalogue.product", "pk": 13, "fields": {"structure": "standalone", "upc": "978020137961", "parent": null, "title": "heels", "slug": "heels", "description": "<p>Womens heels</p>", "product_class": 1, "rating": null, "date_created": "2018-12-08T22:17:29.873Z", "date_updated": "2018-12-08T22:47:48.641Z", "is_discountable": true, "product_options": []}}, {"model": "catalogue.productattribute", "pk": 1, "fields": {"product_class": 1, "name": "Size", "code": "sz", "type": "text", "option_group": null, "required": false}}, {"model": "catalogue.productattribute", "pk": 2, "fields": {"product_class": 1, "name": "Material-Sole", "code": "mtsole", "type": "text", "option_group": null, "required": false}}, {"model": "catalogue.productattribute", "pk": 3, "fields": {"product_class": 1, "name": "Material-Upper", "code": "mtupper", "type": "text", "option_group": null, "required": false}}, {"model": "catalogue.productattribute", "pk": 4, "fields": {"product_class": 2, "name": "Size", "code": "size", "type": "text", "option_group": null, "required": false}}, {"model": "catalogue.productattribute", "pk": 5, "fields": {"product_class": 2, "name": "Material", "code": "material", "type": "text", "option_group": null, "required": false}}, {"model": "catalogue.productattributevalue", "pk": 1, "fields": {"attribute": 5, "product": 1, "value_text": "Cottol", "value_integer": null, "value_boolean": null, "value_float": null, "value_richtext": null, "value_date": null, "value_datetime": null, "value_option": null, "value_file": "", "value_image": "", "entity_content_type": null, "entity_object_id": null, "value_multi_option": []}}, {"model": "catalogue.productattributevalue", "pk": 2, "fields": {"attribute": 4, "product": 1, "value_text": "L", "value_integer": null, "value_boolean": null, "value_float": null, "value_richtext": null, "value_date": null, "value_datetime": null, "value_option": null, "value_file": "", "value_image": "", "entity_content_type": null, "entity_object_id": null, "value_multi_option": []}}, {"model": "catalogue.productattributevalue", "pk": 3, "fields": {"attribute": 5, "product": 2, "value_text": "Cotton", "value_integer": null, "value_boolean": null, "value_float": null, "value_richtext": null, "value_date": null, "value_datetime": null, "value_option": null, "value_file": "", "value_image": "", "entity_content_type": null, "entity_object_id": null, "value_multi_option": []}}, {"model": "catalogue.productattributevalue", "pk": 4, "fields": {"attribute": 4, "product": 2, "value_text": "L", "value_integer": null, "value_boolean": null, "value_float": null, "value_richtext": null, "value_date": null, "value_datetime": null, "value_option": null, "value_file": "", "value_image": "", "entity_content_type": null, "entity_object_id": null, "value_multi_option": []}}, {"model": "catalogue.productattributevalue", "pk": 5, "fields": {"attribute": 5, "product": 3, "value_text": "Denim", "value_integer": null, "value_boolean": null, "value_float": null, "value_richtext": null, "value_date": null, "value_datetime": null, "value_option": null, "value_file": "", "value_image": "", "entity_content_type": null, "entity_object_id": null, "value_multi_option": []}}, {"model": "catalogue.productattributevalue", "pk": 6, "fields": {"attribute": 4, "product": 3, "value_text": "L", "value_integer": null, "value_boolean": null, "value_float": null, "value_richtext": null, "value_date": null, "value_datetime": null, "value_option": null, "value_file": "", "value_image": "", "entity_content_type": null, "entity_object_id": null, "value_multi_option": []}}, {"model": "catalogue.productattributevalue", "pk": 7, "fields": {"attribute": 5, "product": 4, "value_text": "Cotton", "value_integer": null, "value_boolean": null, "value_float": null, "value_richtext": null, "value_date": null, "value_datetime": null, "value_option": null, "value_file": "", "value_image": "", "entity_content_type": null, "entity_object_id": null, "value_multi_option": []}}, {"model": "catalogue.productattributevalue", "pk": 8, "fields": {"attribute": 4, "product": 4, "value_text": "XL", "value_integer": null, "value_boolean": null, "value_float": null, "value_richtext": null, "value_date": null, "value_datetime": null, "value_option": null, "value_file": "", "value_image": "", "entity_content_type": null, "entity_object_id": null, "value_multi_option": []}}, {"model": "catalogue.productattributevalue", "pk": 9, "fields": {"attribute": 2, "product": 5, "value_text": "Rubber", "value_integer": null, "value_boolean": null, "value_float": null, "value_richtext": null, "value_date": null, "value_datetime": null, "value_option": null, "value_file": "", "value_image": "", "entity_content_type": null, "entity_object_id": null, "value_multi_option": []}}, {"model": "catalogue.productattributevalue", "pk": 10, "fields": {"attribute": 3, "product": 5, "value_text": "Leather", "value_integer": null, "value_boolean": null, "value_float": null, "value_richtext": null, "value_date": null, "value_datetime": null, "value_option": null, "value_file": "", "value_image": "", "entity_content_type": null, "entity_object_id": null, "value_multi_option": []}}, {"model": "catalogue.productattributevalue", "pk": 11, "fields": {"attribute": 1, "product": 5, "value_text": "10", "value_integer": null, "value_boolean": null, "value_float": null, "value_richtext": null, "value_date": null, "value_datetime": null, "value_option": null, "value_file": "", "value_image": "", "entity_content_type": null, "entity_object_id": null, "value_multi_option": []}}, {"model": "catalogue.productattributevalue", "pk": 12, "fields": {"attribute": 2, "product": 6, "value_text": "Rubber", "value_integer": null, "value_boolean": null, "value_float": null, "value_richtext": null, "value_date": null, "value_datetime": null, "value_option": null, "value_file": "", "value_image": "", "entity_content_type": null, "entity_object_id": null, "value_multi_option": []}}, {"model": "catalogue.productattributevalue", "pk": 13, "fields": {"attribute": 3, "product": 6, "value_text": "Suede/Textile", "value_integer": null, "value_boolean": null, "value_float": null, "value_richtext": null, "value_date": null, "value_datetime": null, "value_option": null, "value_file": "", "value_image": "", "entity_content_type": null, "entity_object_id": null, "value_multi_option": []}}, {"model": "catalogue.productattributevalue", "pk": 14, "fields": {"attribute": 1, "product": 6, "value_text": "10", "value_integer": null, "value_boolean": null, "value_float": null, "value_richtext": null, "value_date": null, "value_datetime": null, "value_option": null, "value_file": "", "value_image": "", "entity_content_type": null, "entity_object_id": null, "value_multi_option": []}}, {"model": "catalogue.productattributevalue", "pk": 17, "fields": {"attribute": 2, "product": 8, "value_text": "Rubber", "value_integer": null, "value_boolean": null, "value_float": null, "value_richtext": null, "value_date": null, "value_datetime": null, "value_option": null, "value_file": "", "value_image": "", "entity_content_type": null, "entity_object_id": null, "value_multi_option": []}}, {"model": "catalogue.productattributevalue", "pk": 18, "fields": {"attribute": 3, "product": 8, "value_text": "Textile", "value_integer": null, "value_boolean": null, "value_float": null, "value_richtext": null, "value_date": null, "value_datetime": null, "value_option": null, "value_file": "", "value_image": "", "entity_content_type": null, "entity_object_id": null, "value_multi_option": []}}, {"model": "catalogue.productattributevalue", "pk": 19, "fields": {"attribute": 1, "product": 8, "value_text": "6", "value_integer": null, "value_boolean": null, "value_float": null, "value_richtext": null, "value_date": null, "value_datetime": null, "value_option": null, "value_file": "", "value_image": "", "entity_content_type": null, "entity_object_id": null, "value_multi_option": []}}, {"model": "catalogue.productattributevalue", "pk": 20, "fields": {"attribute": 5, "product": 9, "value_text": "Wool", "value_integer": null, "value_boolean": null, "value_float": null, "value_richtext": null, "value_date": null, "value_datetime": null, "value_option": null, "value_file": "", "value_image": "", "entity_content_type": null, "entity_object_id": null, "value_multi_option": []}}, {"model": "catalogue.productattributevalue", "pk": 21, "fields": {"attribute": 4, "product": 9, "value_text": "7", "value_integer": null, "value_boolean": null, "value_float": null, "value_richtext": null, "value_date": null, "value_datetime": null, "value_option": null, "value_file": "", "value_image": "", "entity_content_type": null, "entity_object_id": null, "value_multi_option": []}}, {"model": "catalogue.productattributevalue", "pk": 22, "fields": {"attribute": 5, "product": 10, "value_text": "cotton", "value_integer": null, "value_boolean": null, "value_float": null, "value_richtext": null, "value_date": null, "value_datetime": null, "value_option": null, "value_file": "", "value_image": "", "entity_content_type": null, "entity_object_id": null, "value_multi_option": []}}, {"model": "catalogue.productattributevalue", "pk": 23, "fields": {"attribute": 4, "product": 10, "value_text": "s", "value_integer": null, "value_boolean": null, "value_float": null, "value_richtext": null, "value_date": null, "value_datetime": null, "value_option": null, "value_file": "", "value_image": "", "entity_content_type": null, "entity_object_id": null, "value_multi_option": []}}, {"model": "catalogue.productattributevalue", "pk": 24, "fields": {"attribute": 5, "product": 11, "value_text": "Denim", "value_integer": null, "value_boolean": null, "value_float": null, "value_richtext": null, "value_date": null, "value_datetime": null, "value_option": null, "value_file": "", "value_image": "", "entity_content_type": null, "entity_object_id": null, "value_multi_option": []}}, {"model": "catalogue.productattributevalue", "pk": 25, "fields": {"attribute": 4, "product": 11, "value_text": "s", "value_integer": null, "value_boolean": null, "value_float": null, "value_richtext": null, "value_date": null, "value_datetime": null, "value_option": null, "value_file": "", "value_image": "", "entity_content_type": null, "entity_object_id": null, "value_multi_option": []}}, {"model": "catalogue.productattributevalue", "pk": 26, "fields": {"attribute": 5, "product": 12, "value_text": "Velvet", "value_integer": null, "value_boolean": null, "value_float": null, "value_richtext": null, "value_date": null, "value_datetime": null, "value_option": null, "value_file": "", "value_image": "", "entity_content_type": null, "entity_object_id": null, "value_multi_option": []}}, {"model": "catalogue.productattributevalue", "pk": 27, "fields": {"attribute": 4, "product": 12, "value_text": "M", "value_integer": null, "value_boolean": null, "value_float": null, "value_richtext": null, "value_date": null, "value_datetime": null, "value_option": null, "value_file": "", "value_image": "", "entity_content_type": null, "entity_object_id": null, "value_multi_option": []}}, {"model": "catalogue.productattributevalue", "pk": 28, "fields": {"attribute": 2, "product": 13, "value_text": "Rubber", "value_integer": null, "value_boolean": null, "value_float": null, "value_richtext": null, "value_date": null, "value_datetime": null, "value_option": null, "value_file": "", "value_image": "", "entity_content_type": null, "entity_object_id": null, "value_multi_option": []}}, {"model": "catalogue.productattributevalue", "pk": 29, "fields": {"attribute": 3, "product": 13, "value_text": "Synthetic", "value_integer": null, "value_boolean": null, "value_float": null, "value_richtext": null, "value_date": null, "value_datetime": null, "value_option": null, "value_file": "", "value_image": "", "entity_content_type": null, "entity_object_id": null, "value_multi_option": []}}, {"model": "catalogue.productattributevalue", "pk": 30, "fields": {"attribute": 1, "product": 13, "value_text": "5", "value_integer": null, "value_boolean": null, "value_float": null, "value_richtext": null, "value_date": null, "value_datetime": null, "value_option": null, "value_file": "", "value_image": "", "entity_content_type": null, "entity_object_id": null, "value_multi_option": []}}, {"model": "catalogue.productimage", "pk": 1, "fields": {"product": 1, "original": "images/products/2018/12/pexels-photo-297933.jpeg", "caption": "", "display_order": 0, "date_created": "2018-12-08T21:39:58.910Z"}}, {"model": "catalogue.productimage", "pk": 2, "fields": {"product": 2, "original": "images/products/2018/12/pexels-photo-991509.jpeg", "caption": "", "display_order": 0, "date_created": "2018-12-08T21:43:19.957Z"}}, {"model": "catalogue.productimage", "pk": 3, "fields": {"product": 3, "original": "images/products/2018/12/fashion-man-person-model.jpg", "caption": "", "display_order": 0, "date_created": "2018-12-08T21:46:09.262Z"}}, {"model": "catalogue.productimage", "pk": 4, "fields": {"product": 4, "original": "images/products/2018/12/pexels-photo-1042140.jpeg", "caption": "", "display_order": 0, "date_created": "2018-12-08T21:48:24.487Z"}}, {"model": "catalogue.productimage", "pk": 5, "fields": {"product": 5, "original": "images/products/2018/12/pexels-photo-292999.jpeg", "caption": "", "display_order": 0, "date_created": "2018-12-08T21:51:08.731Z"}}, {"model": "catalogue.productimage", "pk": 6, "fields": {"product": 6, "original": "images/products/2018/12/pexels-photo-233312.jpeg", "caption": "", "display_order": 0, "date_created": "2018-12-08T21:52:51.506Z"}}, {"model": "catalogue.productimage", "pk": 8, "fields": {"product": 8, "original": "images/products/2018/12/pexels-photo_1.jpg", "caption": "", "display_order": 0, "date_created": "2018-12-08T21:57:21.753Z"}}, {"model": "catalogue.productimage", "pk": 9, "fields": {"product": 9, "original": "images/products/2018/12/pexels-photo-1201613.jpeg", "caption": "", "display_order": 0, "date_created": "2018-12-08T21:59:14.338Z"}}, {"model": "catalogue.productimage", "pk": 10, "fields": {"product": 11, "original": "images/products/2018/12/pexels-photo-52574.jpeg", "caption": "", "display_order": 0, "date_created": "2018-12-08T22:03:42.787Z"}}, {"model": "catalogue.productimage", "pk": 11, "fields": {"product": 10, "original": "images/products/2018/12/pexels-photo-405041.jpeg", "caption": "", "display_order": 0, "date_created": "2018-12-08T22:13:07.744Z"}}, {"model": "catalogue.productimage", "pk": 12, "fields": {"product": 12, "original": "images/products/2018/12/pexels-photo-1036623.jpeg", "caption": "", "display_order": 0, "date_created": "2018-12-08T22:15:41.950Z"}}, {"model": "catalogue.productimage", "pk": 13, "fields": {"product": 13, "original": "images/products/2018/12/sandals-blue-shoes-strap-shoe-40377.jpeg", "caption": "", "display_order": 0, "date_created": "2018-12-08T22:17:30.024Z"}}, {"model": "partner.stockrecord", "pk": 1, "fields": {"product": 1, "partner": 1, "partner_sku": "Me/Sh/LA", "price_currency": "KES", "price_excl_tax": "1300.00", "price_retail": "1400.00", "cost_price": "1200.00", "num_in_stock": 15, "num_allocated": null, "low_stock_threshold": 3, "date_created": "2018-12-08T21:39:58.914Z", "date_updated": "2018-12-08T22:45:13.058Z"}}, {"model": "partner.stockrecord", "pk": 2, "fields": {"product": 2, "partner": 2, "partner_sku": "72527273071", "price_currency": "KES", "price_excl_tax": "700.00", "price_retail": "800.00", "cost_price": "600.00", "num_in_stock": 15, "num_allocated": null, "low_stock_threshold": 3, "date_created": "2018-12-08T21:43:19.960Z", "date_updated": "2018-12-08T22:46:03.384Z"}}, {"model": "partner.stockrecord", "pk": 3, "fields": {"product": 3, "partner": 1, "partner_sku": "72527273073", "price_currency": "KES", "price_excl_tax": "1600.00", "price_retail": "1800.00", "cost_price": "1500.00", "num_in_stock": 152, "num_allocated": null, "low_stock_threshold": 23, "date_created": "2018-12-08T21:46:09.263Z", "date_updated": "2018-12-08T22:45:30.500Z"}}, {"model": "partner.stockrecord", "pk": 4, "fields": {"product": 4, "partner": 1, "partner_sku": "72527273074", "price_currency": "KES", "price_excl_tax": "800.00", "price_retail": "999.00", "cost_price": "700.00", "num_in_stock": 33, "num_allocated": null, "low_stock_threshold": 12, "date_created": "2018-12-08T21:48:24.488Z", "date_updated": "2018-12-08T22:45:44.587Z"}}, {"model": "partner.stockrecord", "pk": 5, "fields": {"product": 5, "partner": 2, "partner_sku": "72527273076", "price_currency": "KES", "price_excl_tax": "1500.00", "price_retail": "1800.00", "cost_price": "1300.00", "num_in_stock": 10, "num_allocated": null, "low_stock_threshold": 3, "date_created": "2018-12-08T21:51:08.732Z", "date_updated": "2018-12-08T21:51:08.732Z"}}, {"model": "partner.stockrecord", "pk": 6, "fields": {"product": 6, "partner": 2, "partner_sku": "72527273077", "price_currency": "KES", "price_excl_tax": "2400.00", "price_retail": "2500.00", "cost_price": "2300.00", "num_in_stock": 20, "num_allocated": null, "low_stock_threshold": 3, "date_created": "2018-12-08T21:52:51.507Z", "date_updated": "2018-12-08T22:48:04.146Z"}}, {"model": "partner.stockrecord", "pk": 8, "fields": {"product": 8, "partner": 1, "partner_sku": "72527273083", "price_currency": "KES", "price_excl_tax": "550.00", "price_retail": "600.00", "cost_price": "500.00", "num_in_stock": 123, "num_allocated": null, "low_stock_threshold": 22, "date_created": "2018-12-08T21:57:21.755Z", "date_updated": "2018-12-08T22:46:35.612Z"}}, {"model": "partner.stockrecord", "pk": 9, "fields": {"product": 9, "partner": 1, "partner_sku": "725272730823", "price_currency": "KES", "price_excl_tax": "5300.00", "price_retail": "5700.00", "cost_price": "5000.00", "num_in_stock": 5, "num_allocated": null, "low_stock_threshold": 1, "date_created": "2018-12-08T21:59:14.339Z", "date_updated": "2018-12-08T22:46:54.257Z"}}, {"model": "partner.stockrecord", "pk": 10, "fields": {"product": 10, "partner": 1, "partner_sku": "Wo/Ts/Sm", "price_currency": "KES", "price_excl_tax": "320.00", "price_retail": "350.00", "cost_price": "300.00", "num_in_stock": 20, "num_allocated": null, "low_stock_threshold": 1, "date_created": "2018-12-08T22:01:32.923Z", "date_updated": "2018-12-08T22:47:24.322Z"}}, {"model": "partner.stockrecord", "pk": 11, "fields": {"product": 11, "partner": 2, "partner_sku": "Wo/Je/SM", "price_currency": "KES", "price_excl_tax": "3234.00", "price_retail": "4000.00", "cost_price": "2324.00", "num_in_stock": 323, "num_allocated": null, "low_stock_threshold": 23, "date_created": "2018-12-08T22:03:42.790Z", "date_updated": "2018-12-08T22:47:10.444Z"}}, {"model": "partner.stockrecord", "pk": 12, "fields": {"product": 12, "partner": 1, "partner_sku": "Wo/Bl/Sm", "price_currency": "KES", "price_excl_tax": "250.00", "price_retail": "350.00", "cost_price": "200.00", "num_in_stock": 51, "num_allocated": null, "low_stock_threshold": 1, "date_created": "2018-12-08T22:15:41.952Z", "date_updated": "2018-12-08T22:47:36.507Z"}}, {"model": "partner.stockrecord", "pk": 13, "fields": {"product": 13, "partner": 1, "partner_sku": "Wo/He/Me", "price_currency": "KES", "price_excl_tax": "1800.00", "price_retail": "2000.00", "cost_price": "1700.00", "num_in_stock": 7, "num_allocated": null, "low_stock_threshold": 2, "date_created": "2018-12-08T22:17:30.027Z", "date_updated": "2018-12-08T22:47:48.655Z"}}, {"model": "basket.line", "pk": 1, "fields": {"basket": 1, "line_reference": "13_13", "product": 13, "stockrecord": 13, "quantity": 1, "price_currency": "GBP", "price_excl_tax": "1800.00", "price_incl_tax": "1800.00", "date_created": "2018-12-08T22:44:34.905Z"}}, {"model": "basket.line", "pk": 2, "fields": {"basket": 3, "line_reference": "13_13", "product": 13, "stockrecord": 13, "quantity": 1, "price_currency": "KES", "price_excl_tax": "1800.00", "price_incl_tax": "1800.00", "date_created": "2018-12-08T22:54:21.226Z"}}, {"model": "basket.line", "pk": 3, "fields": {"basket": 3, "line_reference": "12_12", "product": 12, "stockrecord": 12, "quantity": 1, "price_currency": "KES", "price_excl_tax": "250.00", "price_incl_tax": "250.00", "date_created": "2018-12-08T22:54:25.439Z"}}, {"model": "thumbnail.kvstore", "pk": "sorl-thumbnail||image||0046d8df655168c49fcb78fddcb07c06", "fields": {"value": "{\"name\": \"cache/9e/3d/9e3dbb2277d055c4431e5ec08a8223a6.jpg\", \"storage\": \"django.core.files.storage.FileSystemStorage\", \"size\": [70, 47]}"}}, {"model": "thumbnail.kvstore", "pk": "sorl-thumbnail||image||01f0bd30dcc98a5a62748a9ed0d76df6", "fields": {"value": "{\"name\": \"cache/0b/77/0b77a701de65ac07416ecad6a87a660c.jpg\", \"storage\": \"django.core.files.storage.FileSystemStorage\", \"size\": [232, 155]}"}}, {"model": "thumbnail.kvstore", "pk": "sorl-thumbnail||image||037587ea053cd89023a3dbd0e4531fa9", "fields": {"value": "{\"name\": \"cache/09/de/09dea8dd4cb8bc9ae898785eeaf1e6f0.jpg\", \"storage\": \"django.core.files.storage.FileSystemStorage\", \"size\": [70, 58]}"}}, {"model": "thumbnail.kvstore", "pk": "sorl-thumbnail||image||037d9352f1550aeac03c19c1e21043eb", "fields": {"value": "{\"name\": \"cache/fa/cc/facc0923c4c51869bcbb4ae78776dddf.jpg\", \"storage\": \"django.core.files.storage.FileSystemStorage\", \"size\": [200, 133]}"}}, {"model": "thumbnail.kvstore", "pk": "sorl-thumbnail||image||09538f70e416baaaeccb29637fc83f71", "fields": {"value": "{\"name\": \"images/products/2018/12/pexels-photo-1201613.jpeg\", \"storage\": \"django.core.files.storage.FileSystemStorage\", \"size\": [640, 427]}"}}, {"model": "thumbnail.kvstore", "pk": "sorl-thumbnail||image||0c1e06f5670a863b7a9096faa991b773", "fields": {"value": "{\"name\": \"images/products/2018/12/pexels-photo-991509.jpeg\", \"storage\": \"django.core.files.storage.FileSystemStorage\", \"size\": [640, 960]}"}}, {"model": "thumbnail.kvstore", "pk": "sorl-thumbnail||image||104816d54e2bb821a651d0f3ed5fe434", "fields": {"value": "{\"name\": \"cache/2b/e5/2be58a397f257dafab470fa03d331575.jpg\", \"storage\": \"django.core.files.storage.FileSystemStorage\", \"size\": [70, 46]}"}}, {"model": "thumbnail.kvstore", "pk": "sorl-thumbnail||image||11a95d7fb06daa00d6a42c70c787f0c5", "fields": {"value": "{\"name\": \"images/products/2018/12/pexels-photo_1.jpg\", \"storage\": \"django.core.files.storage.FileSystemStorage\", \"size\": [640, 390]}"}}, {"model": "thumbnail.kvstore", "pk": "sorl-thumbnail||image||1891ca9e59587dbc8454c0f0c282c138", "fields": {"value": "{\"name\": \"cache/71/a7/71a70ad3b5924ab35345869641b9af80.jpg\", \"storage\": \"django.core.files.storage.FileSystemStorage\", \"size\": [233, 155]}"}}, {"model": "thumbnail.kvstore", "pk": "sorl-thumbnail||image||1bb2ceb1fb9db71e34e61ecb3ed8cbca", "fields": {"value": "{\"name\": \"images/products/2018/12/pexels-photo-405041.jpeg\", \"storage\": \"django.core.files.storage.FileSystemStorage\", \"size\": [640, 960]}"}}, {"model": "thumbnail.kvstore", "pk": "sorl-thumbnail||image||1cc40cefb64a807e043917a93e59dcfd", "fields": {"value": "{\"name\": \"cache/37/af/37af9e9e0ec83ae6968003665aaf96b8.jpg\", \"storage\": \"django.core.files.storage.FileSystemStorage\", \"size\": [200, 164]}"}}, {"model": "thumbnail.kvstore", "pk": "sorl-thumbnail||image||1d1dc0a544c05a820c9e50126726ccc5", "fields": {"value": "{\"name\": \"cache/81/de/81de0264fe357cd87326873db2c0b699.jpg\", \"storage\": \"django.core.files.storage.FileSystemStorage\", \"size\": [254, 155]}"}}, {"model": "thumbnail.kvstore", "pk": "sorl-thumbnail||image||333d9bc5d06398a67bb04eb910e0936c", "fields": {"value": "{\"name\": \"image_not_found.jpg\", \"storage\": \"django.core.files.storage.FileSystemStorage\", \"size\": [400, 300]}"}}, {"model": "thumbnail.kvstore", "pk": "sorl-thumbnail||image||347d55b5d477f301ac9976e090f205e7", "fields": {"value": "{\"name\": \"cache/fe/29/fe29ddc6ec137bda6c4e49e0079bba6c.jpg\", \"storage\": \"django.core.files.storage.FileSystemStorage\", \"size\": [103, 154]}"}}, {"model": "thumbnail.kvstore", "pk": "sorl-thumbnail||image||3578a5dabf55bf1c9f58e458303c0fae", "fields": {"value": "{\"name\": \"cache/64/f0/64f082b086594b1d8523692eb71b4aa9.jpg\", \"storage\": \"django.core.files.storage.FileSystemStorage\", \"size\": [200, 132]}"}}, {"model": "thumbnail.kvstore", "pk": "sorl-thumbnail||image||35e1081dbb27157ef0a113d9fdf31e58", "fields": {"value": "{\"name\": \"cache/71/50/7150d3451639805f324e58d111b3b41b.jpg\", \"storage\": \"django.core.files.storage.FileSystemStorage\", \"size\": [200, 133]}"}}, {"model": "thumbnail.kvstore", "pk": "sorl-thumbnail||image||36949805b85cebd90fa7180a3054507f", "fields": {"value": "{\"name\": \"cache/20/68/20680b83ddda319a1dcb8374655cac15.jpg\", \"storage\": \"django.core.files.storage.FileSystemStorage\", \"size\": [200, 132]}"}}, {"model": "thumbnail.kvstore", "pk": "sorl-thumbnail||image||4280753f3bf00152c92b18d8bc9e855b", "fields": {"value": "{\"name\": \"images/products/2018/12/pexels-photo-1036623.jpeg\", \"storage\": \"django.core.files.storage.FileSystemStorage\", \"size\": [640, 427]}"}}, {"model": "thumbnail.kvstore", "pk": "sorl-thumbnail||image||4ad6323f920e3b49344d102f2eac9fa7", "fields": {"value": "{\"name\": \"cache/25/52/2552bdbdc97772d3244bbc1b7da58fe0.jpg\", \"storage\": \"django.core.files.storage.FileSystemStorage\", \"size\": [47, 70]}"}}, {"model": "thumbnail.kvstore", "pk": "sorl-thumbnail||image||55ea0b409559853a4e64cc7015773b5b", "fields": {"value": "{\"name\": \"cache/f8/e2/f8e22c212cd1f958eed5f21d999c9efa.jpg\", \"storage\": \"django.core.files.storage.FileSystemStorage\", \"size\": [70, 47]}"}}, {"model": "thumbnail.kvstore", "pk": "sorl-thumbnail||image||5856c1a0758c69358f092d09530aaf4a", "fields": {"value": "{\"name\": \"cache/47/b2/47b220417896573da1b2d257a344c1b4.jpg\", \"storage\": \"django.core.files.storage.FileSystemStorage\", \"size\": [103, 154]}"}}, {"model": "thumbnail.kvstore", "pk": "sorl-thumbnail||image||5b5aa32b53f96437b63346ccc152a5ea", "fields": {"value": "{\"name\": \"cache/6f/dd/6fdd481beb6f802bcff7d20e9c43fef0.jpg\", \"storage\": \"django.core.files.storage.FileSystemStorage\", \"size\": [133, 200]}"}}, {"model": "thumbnail.kvstore", "pk": "sorl-thumbnail||image||5dfb1220acefb2fc06f61be16acbf15c", "fields": {"value": "{\"name\": \"cache/13/b8/13b8f57eee8bd3b1760f799da76dbfc9.jpg\", \"storage\": \"django.core.files.storage.FileSystemStorage\", \"size\": [100, 67]}"}}, {"model": "thumbnail.kvstore", "pk": "sorl-thumbnail||image||5fa87ac9b4f439bf1a6fceae47275675", "fields": {"value": "{\"name\": \"cache/04/ba/04bad0da046645b9315bda93076c671b.jpg\", \"storage\": \"django.core.files.storage.FileSystemStorage\", \"size\": [440, 362]}"}}, {"model": "thumbnail.kvstore", "pk": "sorl-thumbnail||image||60b6059cd2bba126611f3450b8791021", "fields": {"value": "{\"name\": \"images/products/2018/12/pexels-photo-1042140.jpeg\", \"storage\": \"django.core.files.storage.FileSystemStorage\", \"size\": [640, 960]}"}}, {"model": "thumbnail.kvstore", "pk": "sorl-thumbnail||image||63dc2bbcab5ae67c03d8bf9cfdc243c7", "fields": {"value": "{\"name\": \"cache/14/1a/141a36d67ac614009a78b527b2c7a069.jpg\", \"storage\": \"django.core.files.storage.FileSystemStorage\", \"size\": [70, 46]}"}}, {"model": "thumbnail.kvstore", "pk": "sorl-thumbnail||image||686789dc26581e416aea6e6b55c4bdd7", "fields": {"value": "{\"name\": \"cache/88/47/8847542801cac4681811d44d7a327b61.jpg\", \"storage\": \"django.core.files.storage.FileSystemStorage\", \"size\": [133, 200]}"}}, {"model": "thumbnail.kvstore", "pk": "sorl-thumbnail||image||6c6802d7421b685d4efbd815102aa45a", "fields": {"value": "{\"name\": \"images/products/2018/12/fashion-man-person-model.jpg\", \"storage\": \"django.core.files.storage.FileSystemStorage\", \"size\": [640, 426]}"}}, {"model": "thumbnail.kvstore", "pk": "sorl-thumbnail||image||702a781637b436dc8bbea747c07c03a0", "fields": {"value": "{\"name\": \"cache/ab/0c/ab0cc6c939ea467838e248b801d2bd36.jpg\", \"storage\": \"django.core.files.storage.FileSystemStorage\", \"size\": [200, 133]}"}}, {"model": "thumbnail.kvstore", "pk": "sorl-thumbnail||image||713c3cea9f9e3303cc339ee54fe39993", "fields": {"value": "{\"name\": \"cache/c4/fc/c4fc852252cfc76f00b7dfc7c32a7a79.jpg\", \"storage\": \"django.core.files.storage.FileSystemStorage\", \"size\": [440, 293]}"}}, {"model": "thumbnail.kvstore", "pk": "sorl-thumbnail||image||731ac741e6778411d3bd19c71fac0cfd", "fields": {"value": "{\"name\": \"cache/cd/0e/cd0e5c454ac759dde505315842909f11.jpg\", \"storage\": \"django.core.files.storage.FileSystemStorage\", \"size\": [47, 70]}"}}, {"model": "thumbnail.kvstore", "pk": "sorl-thumbnail||image||734b4a1d91333643750386ca47947b20", "fields": {"value": "{\"name\": \"cache/8e/29/8e29a9a38a1fe3cabfa2864500294f21.jpg\", \"storage\": \"django.core.files.storage.FileSystemStorage\", \"size\": [440, 293]}"}}, {"model": "thumbnail.kvstore", "pk": "sorl-thumbnail||image||75be0acb898be1bfea7741223dbc4cdc", "fields": {"value": "{\"name\": \"cache/8e/3d/8e3d6079f9564682a1bb50d1b62a6360.jpg\", \"storage\": \"django.core.files.storage.FileSystemStorage\", \"size\": [233, 155]}"}}, {"model": "thumbnail.kvstore", "pk": "sorl-thumbnail||image||82d86649c337485d7ce16762750e524c", "fields": {"value": "{\"name\": \"cache/ee/d6/eed6bcfd8732ca981f2d25a20233226c.jpg\", \"storage\": \"django.core.files.storage.FileSystemStorage\", \"size\": [207, 155]}"}}, {"model": "thumbnail.kvstore", "pk": "sorl-thumbnail||image||8bbd9a6258bc37b5f2f53cca05f19504", "fields": {"value": "{\"name\": \"images/products/2018/12/sandals-blue-shoes-strap-shoe-40377.jpeg\", \"storage\": \"django.core.files.storage.FileSystemStorage\", \"size\": [640, 426]}"}}, {"model": "thumbnail.kvstore", "pk": "sorl-thumbnail||image||91ddbb6fd4cee1245ebaae4f0756ad33", "fields": {"value": "{\"name\": \"cache/1e/ee/1eee836801a2aab3397e12cacd2996be.jpg\", \"storage\": \"django.core.files.storage.FileSystemStorage\", \"size\": [200, 133]}"}}, {"model": "thumbnail.kvstore", "pk": "sorl-thumbnail||image||92e8455d3996a0bf95bafddedfc8c519", "fields": {"value": "{\"name\": \"cache/99/08/9908cf4eeef861e043745a1f397a0391.jpg\", \"storage\": \"django.core.files.storage.FileSystemStorage\", \"size\": [200, 122]}"}}, {"model": "thumbnail.kvstore", "pk": "sorl-thumbnail||image||9aaa8362e2b0e2b83083c1d75d0eeaa6", "fields": {"value": "{\"name\": \"cache/fb/d6/fbd6c1fc722d2f1afcfc69f86d6cf685.jpg\", \"storage\": \"django.core.files.storage.FileSystemStorage\", \"size\": [103, 154]}"}}, {"model": "thumbnail.kvstore", "pk": "sorl-thumbnail||image||abfa5b4a7f496904bf06e54b4d149c4f", "fields": {"value": "{\"name\": \"cache/0b/ed/0bedff12f74a8e0e9ec937a9d3eecad6.jpg\", \"storage\": \"django.core.files.storage.FileSystemStorage\", \"size\": [100, 67]}"}}, {"model": "thumbnail.kvstore", "pk": "sorl-thumbnail||image||ae48bce30443d11ae7758f71cb0ab019", "fields": {"value": "{\"name\": \"cache/ea/77/ea77e6af0ac2c82053f8ac31bf20cd1d.jpg\", \"storage\": \"django.core.files.storage.FileSystemStorage\", \"size\": [200, 133]}"}}, {"model": "thumbnail.kvstore", "pk": "sorl-thumbnail||image||b4ef1e38cd0149521c1d688f848b82b9", "fields": {"value": "{\"name\": \"images/products/2018/12/pexels-photo-297933.jpeg\", \"storage\": \"django.core.files.storage.FileSystemStorage\", \"size\": [640, 426]}"}}, {"model": "thumbnail.kvstore", "pk": "sorl-thumbnail||image||b7a7e87bc851b6f2f139cc094ab908fb", "fields": {"value": "{\"name\": \"cache/3a/ec/3aecca30f9ebd77f6d174f75fbf7ba40.jpg\", \"storage\": \"django.core.files.storage.FileSystemStorage\", \"size\": [47, 70]}"}}, {"model": "thumbnail.kvstore", "pk": "sorl-thumbnail||image||be44746d4fa97d4953031b9a5a7b8578", "fields": {"value": "{\"name\": \"cache/5e/65/5e65dbaa9d8c183becb926ed13571a29.jpg\", \"storage\": \"django.core.files.storage.FileSystemStorage\", \"size\": [70, 47]}"}}, {"model": "thumbnail.kvstore", "pk": "sorl-thumbnail||image||bf111845378499bdf00ce24371c130d1", "fields": {"value": "{\"name\": \"cache/06/70/0670cae33383d50b5231ca7a71bae3b2.jpg\", \"storage\": \"django.core.files.storage.FileSystemStorage\", \"size\": [440, 289]}"}}, {"model": "thumbnail.kvstore", "pk": "sorl-thumbnail||image||c07c73b622a02f8b55947ed0f259f725", "fields": {"value": "{\"name\": \"cache/00/55/005549c3537804e24586d0d1672862b9.jpg\", \"storage\": \"django.core.files.storage.FileSystemStorage\", \"size\": [233, 155]}"}}, {"model": "thumbnail.kvstore", "pk": "sorl-thumbnail||image||c84aedb6291667273790b78e9d4c1638", "fields": {"value": "{\"name\": \"cache/3e/e4/3ee4de05f4453c2bff01f2310bb1acd9.jpg\", \"storage\": \"django.core.files.storage.FileSystemStorage\", \"size\": [70, 47]}"}}, {"model": "thumbnail.kvstore", "pk": "sorl-thumbnail||image||c86029632d29239cf66c60c28878f11e", "fields": {"value": "{\"name\": \"cache/a8/71/a87133195fdaf4c539aba3a295a3872d.jpg\", \"storage\": \"django.core.files.storage.FileSystemStorage\", \"size\": [133, 200]}"}}, {"model": "thumbnail.kvstore", "pk": "sorl-thumbnail||image||d00f05bcc339edaa56c105fb4b7d04af", "fields": {"value": "{\"name\": \"cache/81/b4/81b4da4ad4bf100edd8edf15eff24d7f.jpg\", \"storage\": \"django.core.files.storage.FileSystemStorage\", \"size\": [70, 47]}"}}, {"model": "thumbnail.kvstore", "pk": "sorl-thumbnail||image||dda6a72b27b80234c13095a0f35eb72e", "fields": {"value": "{\"name\": \"images/products/2018/12/pexels-photo-233312.jpeg\", \"storage\": \"django.core.files.storage.FileSystemStorage\", \"size\": [640, 421]}"}}, {"model": "thumbnail.kvstore", "pk": "sorl-thumbnail||image||e1de2adca39ee6c4d2244b226af69b8f", "fields": {"value": "{\"name\": \"cache/50/5f/505fc9c79b91ddd8230156c5e435d72f.jpg\", \"storage\": \"django.core.files.storage.FileSystemStorage\", \"size\": [235, 155]}"}}, {"model": "thumbnail.kvstore", "pk": "sorl-thumbnail||image||e462ed528553d5133daaa10fabea9836", "fields": {"value": "{\"name\": \"cache/d8/79/d8799a1936d1b7679365c899ebaa9c3f.jpg\", \"storage\": \"django.core.files.storage.FileSystemStorage\", \"size\": [232, 155]}"}}, {"model": "thumbnail.kvstore", "pk": "sorl-thumbnail||image||e88524b8f35de24c99cbc54fe410fe69", "fields": {"value": "{\"name\": \"images/products/2018/12/pexels-photo-52574.jpeg\", \"storage\": \"django.core.files.storage.FileSystemStorage\", \"size\": [640, 526]}"}}, {"model": "thumbnail.kvstore", "pk": "sorl-thumbnail||image||f26099fb368daf973007a04503d8bbca", "fields": {"value": "{\"name\": \"cache/25/7d/257df05e1bfab36a18af9dbe16736f7b.jpg\", \"storage\": \"django.core.files.storage.FileSystemStorage\", \"size\": [236, 155]}"}}, {"model": "thumbnail.kvstore", "pk": "sorl-thumbnail||image||f5f9aafae05f63a0e21ac0b0143f1f8b", "fields": {"value": "{\"name\": \"images/products/2018/12/pexels-photo-292999.jpeg\", \"storage\": \"django.core.files.storage.FileSystemStorage\", \"size\": [640, 423]}"}}, {"model": "thumbnail.kvstore", "pk": "sorl-thumbnail||image||f77438763fd7930cacdd803a9d270aef", "fields": {"value": "{\"name\": \"cache/55/a0/55a0354567c1f3755549881a734863b9.jpg\", \"storage\": \"django.core.files.storage.FileSystemStorage\", \"size\": [70, 43]}"}}, {"model": "thumbnail.kvstore", "pk": "sorl-thumbnail||image||fad3507a049e8304f3665f6239226e2f", "fields": {"value": "{\"name\": \"cache/84/da/84da2ff96bdb6d6d6306413a814a4c26.jpg\", \"storage\": \"django.core.files.storage.FileSystemStorage\", \"size\": [189, 155]}"}}, {"model": "thumbnail.kvstore", "pk": "sorl-thumbnail||thumbnails||09538f70e416baaaeccb29637fc83f71", "fields": {"value": "[\"d00f05bcc339edaa56c105fb4b7d04af\", \"e462ed528553d5133daaa10fabea9836\", \"91ddbb6fd4cee1245ebaae4f0756ad33\"]"}}, {"model": "thumbnail.kvstore", "pk": "sorl-thumbnail||thumbnails||0c1e06f5670a863b7a9096faa991b773", "fields": {"value": "[\"347d55b5d477f301ac9976e090f205e7\", \"4ad6323f920e3b49344d102f2eac9fa7\", \"5b5aa32b53f96437b63346ccc152a5ea\"]"}}, {"model": "thumbnail.kvstore", "pk": "sorl-thumbnail||thumbnails||11a95d7fb06daa00d6a42c70c787f0c5", "fields": {"value": "[\"92e8455d3996a0bf95bafddedfc8c519\", \"1d1dc0a544c05a820c9e50126726ccc5\", \"f77438763fd7930cacdd803a9d270aef\"]"}}, {"model": "thumbnail.kvstore", "pk": "sorl-thumbnail||thumbnails||1bb2ceb1fb9db71e34e61ecb3ed8cbca", "fields": {"value": "[\"5856c1a0758c69358f092d09530aaf4a\", \"731ac741e6778411d3bd19c71fac0cfd\", \"c86029632d29239cf66c60c28878f11e\"]"}}, {"model": "thumbnail.kvstore", "pk": "sorl-thumbnail||thumbnails||333d9bc5d06398a67bb04eb910e0936c", "fields": {"value": "[\"82d86649c337485d7ce16762750e524c\"]"}}, {"model": "thumbnail.kvstore", "pk": "sorl-thumbnail||thumbnails||4280753f3bf00152c92b18d8bc9e855b", "fields": {"value": "[\"702a781637b436dc8bbea747c07c03a0\", \"01f0bd30dcc98a5a62748a9ed0d76df6\", \"0046d8df655168c49fcb78fddcb07c06\", \"5dfb1220acefb2fc06f61be16acbf15c\"]"}}, {"model": "thumbnail.kvstore", "pk": "sorl-thumbnail||thumbnails||60b6059cd2bba126611f3450b8791021", "fields": {"value": "[\"686789dc26581e416aea6e6b55c4bdd7\", \"b7a7e87bc851b6f2f139cc094ab908fb\", \"9aaa8362e2b0e2b83083c1d75d0eeaa6\"]"}}, {"model": "thumbnail.kvstore", "pk": "sorl-thumbnail||thumbnails||6c6802d7421b685d4efbd815102aa45a", "fields": {"value": "[\"75be0acb898be1bfea7741223dbc4cdc\", \"ae48bce30443d11ae7758f71cb0ab019\", \"55ea0b409559853a4e64cc7015773b5b\"]"}}, {"model": "thumbnail.kvstore", "pk": "sorl-thumbnail||thumbnails||8bbd9a6258bc37b5f2f53cca05f19504", "fields": {"value": "[\"35e1081dbb27157ef0a113d9fdf31e58\", \"c84aedb6291667273790b78e9d4c1638\", \"c07c73b622a02f8b55947ed0f259f725\", \"abfa5b4a7f496904bf06e54b4d149c4f\", \"734b4a1d91333643750386ca47947b20\"]"}}, {"model": "thumbnail.kvstore", "pk": "sorl-thumbnail||thumbnails||b4ef1e38cd0149521c1d688f848b82b9", "fields": {"value": "[\"1891ca9e59587dbc8454c0f0c282c138\", \"be44746d4fa97d4953031b9a5a7b8578\", \"037d9352f1550aeac03c19c1e21043eb\", \"713c3cea9f9e3303cc339ee54fe39993\"]"}}, {"model": "thumbnail.kvstore", "pk": "sorl-thumbnail||thumbnails||dda6a72b27b80234c13095a0f35eb72e", "fields": {"value": "[\"63dc2bbcab5ae67c03d8bf9cfdc243c7\", \"bf111845378499bdf00ce24371c130d1\", \"3578a5dabf55bf1c9f58e458303c0fae\", \"f26099fb368daf973007a04503d8bbca\"]"}}, {"model": "thumbnail.kvstore", "pk": "sorl-thumbnail||thumbnails||e88524b8f35de24c99cbc54fe410fe69", "fields": {"value": "[\"037587ea053cd89023a3dbd0e4531fa9\", \"1cc40cefb64a807e043917a93e59dcfd\", \"5fa87ac9b4f439bf1a6fceae47275675\", \"fad3507a049e8304f3665f6239226e2f\"]"}}, {"model": "thumbnail.kvstore", "pk": "sorl-thumbnail||thumbnails||f5f9aafae05f63a0e21ac0b0143f1f8b", "fields": {"value": "[\"36949805b85cebd90fa7180a3054507f\", \"e1de2adca39ee6c4d2244b226af69b8f\", \"104816d54e2bb821a651d0f3ed5fe434\"]"}}, {"model": "auth.permission", "pk": 1, "fields": {"name": "Can add log entry", "content_type": 1, "codename": "add_logentry"}}, {"model": "auth.permission", "pk": 2, "fields": {"name": "Can change log entry", "content_type": 1, "codename": "change_logentry"}}, {"model": "auth.permission", "pk": 3, "fields": {"name": "Can delete log entry", "content_type": 1, "codename": "delete_logentry"}}, {"model": "auth.permission", "pk": 4, "fields": {"name": "Can add permission", "content_type": 2, "codename": "add_permission"}}, {"model": "auth.permission", "pk": 5, "fields": {"name": "Can change permission", "content_type": 2, "codename": "change_permission"}}, {"model": "auth.permission", "pk": 6, "fields": {"name": "Can delete permission", "content_type": 2, "codename": "delete_permission"}}, {"model": "auth.permission", "pk": 7, "fields": {"name": "Can add user", "content_type": 3, "codename": "add_user"}}, {"model": "auth.permission", "pk": 8, "fields": {"name": "Can change user", "content_type": 3, "codename": "change_user"}}, {"model": "auth.permission", "pk": 9, "fields": {"name": "Can delete user", "content_type": 3, "codename": "delete_user"}}, {"model": "auth.permission", "pk": 10, "fields": {"name": "Can add group", "content_type": 4, "codename": "add_group"}}, {"model": "auth.permission", "pk": 11, "fields": {"name": "Can change group", "content_type": 4, "codename": "change_group"}}, {"model": "auth.permission", "pk": 12, "fields": {"name": "Can delete group", "content_type": 4, "codename": "delete_group"}}, {"model": "auth.permission", "pk": 13, "fields": {"name": "Can add content type", "content_type": 5, "codename": "add_contenttype"}}, {"model": "auth.permission", "pk": 14, "fields": {"name": "Can change content type", "content_type": 5, "codename": "change_contenttype"}}, {"model": "auth.permission", "pk": 15, "fields": {"name": "Can delete content type", "content_type": 5, "codename": "delete_contenttype"}}, {"model": "auth.permission", "pk": 16, "fields": {"name": "Can add session", "content_type": 6, "codename": "add_session"}}, {"model": "auth.permission", "pk": 17, "fields": {"name": "Can change session", "content_type": 6, "codename": "change_session"}}, {"model": "auth.permission", "pk": 18, "fields": {"name": "Can delete session", "content_type": 6, "codename": "delete_session"}}, {"model": "auth.permission", "pk": 19, "fields": {"name": "Can add site", "content_type": 7, "codename": "add_site"}}, {"model": "auth.permission", "pk": 20, "fields": {"name": "Can change site", "content_type": 7, "codename": "change_site"}}, {"model": "auth.permission", "pk": 21, "fields": {"name": "Can delete site", "content_type": 7, "codename": "delete_site"}}, {"model": "auth.permission", "pk": 22, "fields": {"name": "Can add flat page", "content_type": 8, "codename": "add_flatpage"}}, {"model": "auth.permission", "pk": 23, "fields": {"name": "Can change flat page", "content_type": 8, "codename": "change_flatpage"}}, {"model": "auth.permission", "pk": 24, "fields": {"name": "Can delete flat page", "content_type": 8, "codename": "delete_flatpage"}}, {"model": "auth.permission", "pk": 25, "fields": {"name": "Can add User record", "content_type": 9, "codename": "add_userrecord"}}, {"model": "auth.permission", "pk": 26, "fields": {"name": "Can change User record", "content_type": 9, "codename": "change_userrecord"}}, {"model": "auth.permission", "pk": 27, "fields": {"name": "Can delete User record", "content_type": 9, "codename": "delete_userrecord"}}, {"model": "auth.permission", "pk": 28, "fields": {"name": "Can add Product record", "content_type": 10, "codename": "add_productrecord"}}, {"model": "auth.permission", "pk": 29, "fields": {"name": "Can change Product record", "content_type": 10, "codename": "change_productrecord"}}, {"model": "auth.permission", "pk": 30, "fields": {"name": "Can delete Product record", "content_type": 10, "codename": "delete_productrecord"}}, {"model": "auth.permission", "pk": 31, "fields": {"name": "Can add User product view", "content_type": 11, "codename": "add_userproductview"}}, {"model": "auth.permission", "pk": 32, "fields": {"name": "Can change User product view", "content_type": 11, "codename": "change_userproductview"}}, {"model": "auth.permission", "pk": 33, "fields": {"name": "Can delete User product view", "content_type": 11, "codename": "delete_userproductview"}}, {"model": "auth.permission", "pk": 34, "fields": {"name": "Can add User search query", "content_type": 12, "codename": "add_usersearch"}}, {"model": "auth.permission", "pk": 35, "fields": {"name": "Can change User search query", "content_type": 12, "codename": "change_usersearch"}}, {"model": "auth.permission", "pk": 36, "fields": {"name": "Can delete User search query", "content_type": 12, "codename": "delete_usersearch"}}, {"model": "auth.permission", "pk": 37, "fields": {"name": "Can add User address", "content_type": 13, "codename": "add_useraddress"}}, {"model": "auth.permission", "pk": 38, "fields": {"name": "Can change User address", "content_type": 13, "codename": "change_useraddress"}}, {"model": "auth.permission", "pk": 39, "fields": {"name": "Can delete User address", "content_type": 13, "codename": "delete_useraddress"}}, {"model": "auth.permission", "pk": 40, "fields": {"name": "Can add Country", "content_type": 14, "codename": "add_country"}}, {"model": "auth.permission", "pk": 41, "fields": {"name": "Can change Country", "content_type": 14, "codename": "change_country"}}, {"model": "auth.permission", "pk": 42, "fields": {"name": "Can delete Country", "content_type": 14, "codename": "delete_country"}}, {"model": "auth.permission", "pk": 43, "fields": {"name": "Can add Weight-based Shipping Method", "content_type": 15, "codename": "add_weightbased"}}, {"model": "auth.permission", "pk": 44, "fields": {"name": "Can change Weight-based Shipping Method", "content_type": 15, "codename": "change_weightbased"}}, {"model": "auth.permission", "pk": 45, "fields": {"name": "Can delete Weight-based Shipping Method", "content_type": 15, "codename": "delete_weightbased"}}, {"model": "auth.permission", "pk": 46, "fields": {"name": "Can add Weight Band", "content_type": 16, "codename": "add_weightband"}}, {"model": "auth.permission", "pk": 47, "fields": {"name": "Can change Weight Band", "content_type": 16, "codename": "change_weightband"}}, {"model": "auth.permission", "pk": 48, "fields": {"name": "Can delete Weight Band", "content_type": 16, "codename": "delete_weightband"}}, {"model": "auth.permission", "pk": 49, "fields": {"name": "Can add Order and Item Charge", "content_type": 17, "codename": "add_orderanditemcharges"}}, {"model": "auth.permission", "pk": 50, "fields": {"name": "Can change Order and Item Charge", "content_type": 17, "codename": "change_orderanditemcharges"}}, {"model": "auth.permission", "pk": 51, "fields": {"name": "Can delete Order and Item Charge", "content_type": 17, "codename": "delete_orderanditemcharges"}}, {"model": "auth.permission", "pk": 52, "fields": {"name": "Can add Product attribute", "content_type": 18, "codename": "add_productattribute"}}, {"model": "auth.permission", "pk": 53, "fields": {"name": "Can change Product attribute", "content_type": 18, "codename": "change_productattribute"}}, {"model": "auth.permission", "pk": 54, "fields": {"name": "Can delete Product attribute", "content_type": 18, "codename": "delete_productattribute"}}, {"model": "auth.permission", "pk": 55, "fields": {"name": "Can add Product attribute value", "content_type": 19, "codename": "add_productattributevalue"}}, {"model": "auth.permission", "pk": 56, "fields": {"name": "Can change Product attribute value", "content_type": 19, "codename": "change_productattributevalue"}}, {"model": "auth.permission", "pk": 57, "fields": {"name": "Can delete Product attribute value", "content_type": 19, "codename": "delete_productattributevalue"}}, {"model": "auth.permission", "pk": 58, "fields": {"name": "Can add Product class", "content_type": 20, "codename": "add_productclass"}}, {"model": "auth.permission", "pk": 59, "fields": {"name": "Can change Product class", "content_type": 20, "codename": "change_productclass"}}, {"model": "auth.permission", "pk": 60, "fields": {"name": "Can delete Product class", "content_type": 20, "codename": "delete_productclass"}}, {"model": "auth.permission", "pk": 61, "fields": {"name": "Can add Attribute option group", "content_type": 21, "codename": "add_attributeoptiongroup"}}, {"model": "auth.permission", "pk": 62, "fields": {"name": "Can change Attribute option group", "content_type": 21, "codename": "change_attributeoptiongroup"}}, {"model": "auth.permission", "pk": 63, "fields": {"name": "Can delete Attribute option group", "content_type": 21, "codename": "delete_attributeoptiongroup"}}, {"model": "auth.permission", "pk": 64, "fields": {"name": "Can add Product category", "content_type": 22, "codename": "add_productcategory"}}, {"model": "auth.permission", "pk": 65, "fields": {"name": "Can change Product category", "content_type": 22, "codename": "change_productcategory"}}, {"model": "auth.permission", "pk": 66, "fields": {"name": "Can delete Product category", "content_type": 22, "codename": "delete_productcategory"}}, {"model": "auth.permission", "pk": 67, "fields": {"name": "Can add Product", "content_type": 23, "codename": "add_product"}}, {"model": "auth.permission", "pk": 68, "fields": {"name": "Can change Product", "content_type": 23, "codename": "change_product"}}, {"model": "auth.permission", "pk": 69, "fields": {"name": "Can delete Product", "content_type": 23, "codename": "delete_product"}}, {"model": "auth.permission", "pk": 70, "fields": {"name": "Can add Attribute option", "content_type": 24, "codename": "add_attributeoption"}}, {"model": "auth.permission", "pk": 71, "fields": {"name": "Can change Attribute option", "content_type": 24, "codename": "change_attributeoption"}}, {"model": "auth.permission", "pk": 72, "fields": {"name": "Can delete Attribute option", "content_type": 24, "codename": "delete_attributeoption"}}, {"model": "auth.permission", "pk": 73, "fields": {"name": "Can add Product image", "content_type": 25, "codename": "add_productimage"}}, {"model": "auth.permission", "pk": 74, "fields": {"name": "Can change Product image", "content_type": 25, "codename": "change_productimage"}}, {"model": "auth.permission", "pk": 75, "fields": {"name": "Can delete Product image", "content_type": 25, "codename": "delete_productimage"}}, {"model": "auth.permission", "pk": 76, "fields": {"name": "Can add Category", "content_type": 26, "codename": "add_category"}}, {"model": "auth.permission", "pk": 77, "fields": {"name": "Can change Category", "content_type": 26, "codename": "change_category"}}, {"model": "auth.permission", "pk": 78, "fields": {"name": "Can delete Category", "content_type": 26, "codename": "delete_category"}}, {"model": "auth.permission", "pk": 79, "fields": {"name": "Can add Product recommendation", "content_type": 27, "codename": "add_productrecommendation"}}, {"model": "auth.permission", "pk": 80, "fields": {"name": "Can change Product recommendation", "content_type": 27, "codename": "change_productrecommendation"}}, {"model": "auth.permission", "pk": 81, "fields": {"name": "Can delete Product recommendation", "content_type": 27, "codename": "delete_productrecommendation"}}, {"model": "auth.permission", "pk": 82, "fields": {"name": "Can add Option", "content_type": 28, "codename": "add_option"}}, {"model": "auth.permission", "pk": 83, "fields": {"name": "Can change Option", "content_type": 28, "codename": "change_option"}}, {"model": "auth.permission", "pk": 84, "fields": {"name": "Can delete Option", "content_type": 28, "codename": "delete_option"}}, {"model": "auth.permission", "pk": 85, "fields": {"name": "Can add Vote", "content_type": 29, "codename": "add_vote"}}, {"model": "auth.permission", "pk": 86, "fields": {"name": "Can change Vote", "content_type": 29, "codename": "change_vote"}}, {"model": "auth.permission", "pk": 87, "fields": {"name": "Can delete Vote", "content_type": 29, "codename": "delete_vote"}}, {"model": "auth.permission", "pk": 88, "fields": {"name": "Can add Product review", "content_type": 30, "codename": "add_productreview"}}, {"model": "auth.permission", "pk": 89, "fields": {"name": "Can change Product review", "content_type": 30, "codename": "change_productreview"}}, {"model": "auth.permission", "pk": 90, "fields": {"name": "Can delete Product review", "content_type": 30, "codename": "delete_productreview"}}, {"model": "auth.permission", "pk": 91, "fields": {"name": "Can add Partner address", "content_type": 31, "codename": "add_partneraddress"}}, {"model": "auth.permission", "pk": 92, "fields": {"name": "Can change Partner address", "content_type": 31, "codename": "change_partneraddress"}}, {"model": "auth.permission", "pk": 93, "fields": {"name": "Can delete Partner address", "content_type": 31, "codename": "delete_partneraddress"}}, {"model": "auth.permission", "pk": 94, "fields": {"name": "Can add Stock record", "content_type": 32, "codename": "add_stockrecord"}}, {"model": "auth.permission", "pk": 95, "fields": {"name": "Can change Stock record", "content_type": 32, "codename": "change_stockrecord"}}, {"model": "auth.permission", "pk": 96, "fields": {"name": "Can delete Stock record", "content_type": 32, "codename": "delete_stockrecord"}}, {"model": "auth.permission", "pk": 97, "fields": {"name": "Can add Fulfillment partner", "content_type": 33, "codename": "add_partner"}}, {"model": "auth.permission", "pk": 98, "fields": {"name": "Can change Fulfillment partner", "content_type": 33, "codename": "change_partner"}}, {"model": "auth.permission", "pk": 99, "fields": {"name": "Can delete Fulfillment partner", "content_type": 33, "codename": "delete_partner"}}, {"model": "auth.permission", "pk": 100, "fields": {"name": "Can access dashboard", "content_type": 33, "codename": "dashboard_access"}}, {"model": "auth.permission", "pk": 101, "fields": {"name": "Can add Stock alert", "content_type": 34, "codename": "add_stockalert"}}, {"model": "auth.permission", "pk": 102, "fields": {"name": "Can change Stock alert", "content_type": 34, "codename": "change_stockalert"}}, {"model": "auth.permission", "pk": 103, "fields": {"name": "Can delete Stock alert", "content_type": 34, "codename": "delete_stockalert"}}, {"model": "auth.permission", "pk": 104, "fields": {"name": "Can add Line attribute", "content_type": 35, "codename": "add_lineattribute"}}, {"model": "auth.permission", "pk": 105, "fields": {"name": "Can change Line attribute", "content_type": 35, "codename": "change_lineattribute"}}, {"model": "auth.permission", "pk": 106, "fields": {"name": "Can delete Line attribute", "content_type": 35, "codename": "delete_lineattribute"}}, {"model": "auth.permission", "pk": 107, "fields": {"name": "Can add Basket line", "content_type": 36, "codename": "add_line"}}, {"model": "auth.permission", "pk": 108, "fields": {"name": "Can change Basket line", "content_type": 36, "codename": "change_line"}}, {"model": "auth.permission", "pk": 109, "fields": {"name": "Can delete Basket line", "content_type": 36, "codename": "delete_line"}}, {"model": "auth.permission", "pk": 110, "fields": {"name": "Can add Basket", "content_type": 37, "codename": "add_basket"}}, {"model": "auth.permission", "pk": 111, "fields": {"name": "Can change Basket", "content_type": 37, "codename": "change_basket"}}, {"model": "auth.permission", "pk": 112, "fields": {"name": "Can delete Basket", "content_type": 37, "codename": "delete_basket"}}, {"model": "auth.permission", "pk": 113, "fields": {"name": "Can add Source", "content_type": 38, "codename": "add_source"}}, {"model": "auth.permission", "pk": 114, "fields": {"name": "Can change Source", "content_type": 38, "codename": "change_source"}}, {"model": "auth.permission", "pk": 115, "fields": {"name": "Can delete Source", "content_type": 38, "codename": "delete_source"}}, {"model": "auth.permission", "pk": 116, "fields": {"name": "Can add Transaction", "content_type": 39, "codename": "add_transaction"}}, {"model": "auth.permission", "pk": 117, "fields": {"name": "Can change Transaction", "content_type": 39, "codename": "change_transaction"}}, {"model": "auth.permission", "pk": 118, "fields": {"name": "Can delete Transaction", "content_type": 39, "codename": "delete_transaction"}}, {"model": "auth.permission", "pk": 119, "fields": {"name": "Can add Source Type", "content_type": 40, "codename": "add_sourcetype"}}, {"model": "auth.permission", "pk": 120, "fields": {"name": "Can change Source Type", "content_type": 40, "codename": "change_sourcetype"}}, {"model": "auth.permission", "pk": 121, "fields": {"name": "Can delete Source Type", "content_type": 40, "codename": "delete_sourcetype"}}, {"model": "auth.permission", "pk": 122, "fields": {"name": "Can add Bankcard", "content_type": 41, "codename": "add_bankcard"}}, {"model": "auth.permission", "pk": 123, "fields": {"name": "Can change Bankcard", "content_type": 41, "codename": "change_bankcard"}}, {"model": "auth.permission", "pk": 124, "fields": {"name": "Can delete Bankcard", "content_type": 41, "codename": "delete_bankcard"}}, {"model": "auth.permission", "pk": 125, "fields": {"name": "Can add Condition", "content_type": 42, "codename": "add_condition"}}, {"model": "auth.permission", "pk": 126, "fields": {"name": "Can change Condition", "content_type": 42, "codename": "change_condition"}}, {"model": "auth.permission", "pk": 127, "fields": {"name": "Can delete Condition", "content_type": 42, "codename": "delete_condition"}}, {"model": "auth.permission", "pk": 128, "fields": {"name": "Can add Coverage Condition", "content_type": 42, "codename": "add_coveragecondition"}}, {"model": "auth.permission", "pk": 129, "fields": {"name": "Can change Coverage Condition", "content_type": 42, "codename": "change_coveragecondition"}}, {"model": "auth.permission", "pk": 130, "fields": {"name": "Can delete Coverage Condition", "content_type": 42, "codename": "delete_coveragecondition"}}, {"model": "auth.permission", "pk": 131, "fields": {"name": "Can add Benefit", "content_type": 43, "codename": "add_benefit"}}, {"model": "auth.permission", "pk": 132, "fields": {"name": "Can change Benefit", "content_type": 43, "codename": "change_benefit"}}, {"model": "auth.permission", "pk": 133, "fields": {"name": "Can delete Benefit", "content_type": 43, "codename": "delete_benefit"}}, {"model": "auth.permission", "pk": 134, "fields": {"name": "Can add Range Product Uploaded File", "content_type": 44, "codename": "add_rangeproductfileupload"}}, {"model": "auth.permission", "pk": 135, "fields": {"name": "Can change Range Product Uploaded File", "content_type": 44, "codename": "change_rangeproductfileupload"}}, {"model": "auth.permission", "pk": 136, "fields": {"name": "Can delete Range Product Uploaded File", "content_type": 44, "codename": "delete_rangeproductfileupload"}}, {"model": "auth.permission", "pk": 137, "fields": {"name": "Can add Value condition", "content_type": 42, "codename": "add_valuecondition"}}, {"model": "auth.permission", "pk": 138, "fields": {"name": "Can change Value condition", "content_type": 42, "codename": "change_valuecondition"}}, {"model": "auth.permission", "pk": 139, "fields": {"name": "Can delete Value condition", "content_type": 42, "codename": "delete_valuecondition"}}, {"model": "auth.permission", "pk": 140, "fields": {"name": "Can add Conditional offer", "content_type": 45, "codename": "add_conditionaloffer"}}, {"model": "auth.permission", "pk": 141, "fields": {"name": "Can change Conditional offer", "content_type": 45, "codename": "change_conditionaloffer"}}, {"model": "auth.permission", "pk": 142, "fields": {"name": "Can delete Conditional offer", "content_type": 45, "codename": "delete_conditionaloffer"}}, {"model": "auth.permission", "pk": 143, "fields": {"name": "Can add shipping benefit", "content_type": 43, "codename": "add_shippingbenefit"}}, {"model": "auth.permission", "pk": 144, "fields": {"name": "Can change shipping benefit", "content_type": 43, "codename": "change_shippingbenefit"}}, {"model": "auth.permission", "pk": 145, "fields": {"name": "Can delete shipping benefit", "content_type": 43, "codename": "delete_shippingbenefit"}}, {"model": "auth.permission", "pk": 146, "fields": {"name": "Can add Fixed price benefit", "content_type": 43, "codename": "add_fixedpricebenefit"}}, {"model": "auth.permission", "pk": 147, "fields": {"name": "Can change Fixed price benefit", "content_type": 43, "codename": "change_fixedpricebenefit"}}, {"model": "auth.permission", "pk": 148, "fields": {"name": "Can delete Fixed price benefit", "content_type": 43, "codename": "delete_fixedpricebenefit"}}, {"model": "auth.permission", "pk": 149, "fields": {"name": "Can add Count condition", "content_type": 42, "codename": "add_countcondition"}}, {"model": "auth.permission", "pk": 150, "fields": {"name": "Can change Count condition", "content_type": 42, "codename": "change_countcondition"}}, {"model": "auth.permission", "pk": 151, "fields": {"name": "Can delete Count condition", "content_type": 42, "codename": "delete_countcondition"}}, {"model": "auth.permission", "pk": 152, "fields": {"name": "Can add Percentage discount benefit", "content_type": 43, "codename": "add_percentagediscountbenefit"}}, {"model": "auth.permission", "pk": 153, "fields": {"name": "Can change Percentage discount benefit", "content_type": 43, "codename": "change_percentagediscountbenefit"}}, {"model": "auth.permission", "pk": 154, "fields": {"name": "Can delete Percentage discount benefit", "content_type": 43, "codename": "delete_percentagediscountbenefit"}}, {"model": "auth.permission", "pk": 155, "fields": {"name": "Can add Range", "content_type": 46, "codename": "add_range"}}, {"model": "auth.permission", "pk": 156, "fields": {"name": "Can change Range", "content_type": 46, "codename": "change_range"}}, {"model": "auth.permission", "pk": 157, "fields": {"name": "Can delete Range", "content_type": 46, "codename": "delete_range"}}, {"model": "auth.permission", "pk": 158, "fields": {"name": "Can add range product", "content_type": 47, "codename": "add_rangeproduct"}}, {"model": "auth.permission", "pk": 159, "fields": {"name": "Can change range product", "content_type": 47, "codename": "change_rangeproduct"}}, {"model": "auth.permission", "pk": 160, "fields": {"name": "Can delete range product", "content_type": 47, "codename": "delete_rangeproduct"}}, {"model": "auth.permission", "pk": 161, "fields": {"name": "Can add Absolute discount benefit", "content_type": 43, "codename": "add_absolutediscountbenefit"}}, {"model": "auth.permission", "pk": 162, "fields": {"name": "Can change Absolute discount benefit", "content_type": 43, "codename": "change_absolutediscountbenefit"}}, {"model": "auth.permission", "pk": 163, "fields": {"name": "Can delete Absolute discount benefit", "content_type": 43, "codename": "delete_absolutediscountbenefit"}}, {"model": "auth.permission", "pk": 164, "fields": {"name": "Can add Shipping absolute discount benefit", "content_type": 43, "codename": "add_shippingabsolutediscountbenefit"}}, {"model": "auth.permission", "pk": 165, "fields": {"name": "Can change Shipping absolute discount benefit", "content_type": 43, "codename": "change_shippingabsolutediscountbenefit"}}, {"model": "auth.permission", "pk": 166, "fields": {"name": "Can delete Shipping absolute discount benefit", "content_type": 43, "codename": "delete_shippingabsolutediscountbenefit"}}, {"model": "auth.permission", "pk": 167, "fields": {"name": "Can add Shipping percentage discount benefit", "content_type": 43, "codename": "add_shippingpercentagediscountbenefit"}}, {"model": "auth.permission", "pk": 168, "fields": {"name": "Can change Shipping percentage discount benefit", "content_type": 43, "codename": "change_shippingpercentagediscountbenefit"}}, {"model": "auth.permission", "pk": 169, "fields": {"name": "Can delete Shipping percentage discount benefit", "content_type": 43, "codename": "delete_shippingpercentagediscountbenefit"}}, {"model": "auth.permission", "pk": 170, "fields": {"name": "Can add Multibuy discount benefit", "content_type": 43, "codename": "add_multibuydiscountbenefit"}}, {"model": "auth.permission", "pk": 171, "fields": {"name": "Can change Multibuy discount benefit", "content_type": 43, "codename": "change_multibuydiscountbenefit"}}, {"model": "auth.permission", "pk": 172, "fields": {"name": "Can delete Multibuy discount benefit", "content_type": 43, "codename": "delete_multibuydiscountbenefit"}}, {"model": "auth.permission", "pk": 173, "fields": {"name": "Can add Fixed price shipping benefit", "content_type": 43, "codename": "add_shippingfixedpricebenefit"}}, {"model": "auth.permission", "pk": 174, "fields": {"name": "Can change Fixed price shipping benefit", "content_type": 43, "codename": "change_shippingfixedpricebenefit"}}, {"model": "auth.permission", "pk": 175, "fields": {"name": "Can delete Fixed price shipping benefit", "content_type": 43, "codename": "delete_shippingfixedpricebenefit"}}, {"model": "auth.permission", "pk": 176, "fields": {"name": "Can add Payment Event Quantity", "content_type": 59, "codename": "add_paymenteventquantity"}}, {"model": "auth.permission", "pk": 177, "fields": {"name": "Can change Payment Event Quantity", "content_type": 59, "codename": "change_paymenteventquantity"}}, {"model": "auth.permission", "pk": 178, "fields": {"name": "Can delete Payment Event Quantity", "content_type": 59, "codename": "delete_paymenteventquantity"}}, {"model": "auth.permission", "pk": 179, "fields": {"name": "Can add Shipping Event Quantity", "content_type": 60, "codename": "add_shippingeventquantity"}}, {"model": "auth.permission", "pk": 180, "fields": {"name": "Can change Shipping Event Quantity", "content_type": 60, "codename": "change_shippingeventquantity"}}, {"model": "auth.permission", "pk": 181, "fields": {"name": "Can delete Shipping Event Quantity", "content_type": 60, "codename": "delete_shippingeventquantity"}}, {"model": "auth.permission", "pk": 182, "fields": {"name": "Can add Billing address", "content_type": 61, "codename": "add_billingaddress"}}, {"model": "auth.permission", "pk": 183, "fields": {"name": "Can change Billing address", "content_type": 61, "codename": "change_billingaddress"}}, {"model": "auth.permission", "pk": 184, "fields": {"name": "Can delete Billing address", "content_type": 61, "codename": "delete_billingaddress"}}, {"model": "auth.permission", "pk": 185, "fields": {"name": "Can add Order Note", "content_type": 62, "codename": "add_ordernote"}}, {"model": "auth.permission", "pk": 186, "fields": {"name": "Can change Order Note", "content_type": 62, "codename": "change_ordernote"}}, {"model": "auth.permission", "pk": 187, "fields": {"name": "Can delete Order Note", "content_type": 62, "codename": "delete_ordernote"}}, {"model": "auth.permission", "pk": 188, "fields": {"name": "Can add Communication Event", "content_type": 63, "codename": "add_communicationevent"}}, {"model": "auth.permission", "pk": 189, "fields": {"name": "Can change Communication Event", "content_type": 63, "codename": "change_communicationevent"}}, {"model": "auth.permission", "pk": 190, "fields": {"name": "Can delete Communication Event", "content_type": 63, "codename": "delete_communicationevent"}}, {"model": "auth.permission", "pk": 191, "fields": {"name": "Can add Shipping Event Type", "content_type": 64, "codename": "add_shippingeventtype"}}, {"model": "auth.permission", "pk": 192, "fields": {"name": "Can change Shipping Event Type", "content_type": 64, "codename": "change_shippingeventtype"}}, {"model": "auth.permission", "pk": 193, "fields": {"name": "Can delete Shipping Event Type", "content_type": 64, "codename": "delete_shippingeventtype"}}, {"model": "auth.permission", "pk": 194, "fields": {"name": "Can add Shipping Event", "content_type": 65, "codename": "add_shippingevent"}}, {"model": "auth.permission", "pk": 195, "fields": {"name": "Can change Shipping Event", "content_type": 65, "codename": "change_shippingevent"}}, {"model": "auth.permission", "pk": 196, "fields": {"name": "Can delete Shipping Event", "content_type": 65, "codename": "delete_shippingevent"}}, {"model": "auth.permission", "pk": 197, "fields": {"name": "Can add Line Price", "content_type": 66, "codename": "add_lineprice"}}, {"model": "auth.permission", "pk": 198, "fields": {"name": "Can change Line Price", "content_type": 66, "codename": "change_lineprice"}}, {"model": "auth.permission", "pk": 199, "fields": {"name": "Can delete Line Price", "content_type": 66, "codename": "delete_lineprice"}}, {"model": "auth.permission", "pk": 200, "fields": {"name": "Can add Shipping address", "content_type": 67, "codename": "add_shippingaddress"}}, {"model": "auth.permission", "pk": 201, "fields": {"name": "Can change Shipping address", "content_type": 67, "codename": "change_shippingaddress"}}, {"model": "auth.permission", "pk": 202, "fields": {"name": "Can delete Shipping address", "content_type": 67, "codename": "delete_shippingaddress"}}, {"model": "auth.permission", "pk": 203, "fields": {"name": "Can add Order Line", "content_type": 68, "codename": "add_line"}}, {"model": "auth.permission", "pk": 204, "fields": {"name": "Can change Order Line", "content_type": 68, "codename": "change_line"}}, {"model": "auth.permission", "pk": 205, "fields": {"name": "Can delete Order Line", "content_type": 68, "codename": "delete_line"}}, {"model": "auth.permission", "pk": 206, "fields": {"name": "Can add Order Discount", "content_type": 69, "codename": "add_orderdiscount"}}, {"model": "auth.permission", "pk": 207, "fields": {"name": "Can change Order Discount", "content_type": 69, "codename": "change_orderdiscount"}}, {"model": "auth.permission", "pk": 208, "fields": {"name": "Can delete Order Discount", "content_type": 69, "codename": "delete_orderdiscount"}}, {"model": "auth.permission", "pk": 209, "fields": {"name": "Can add Line Attribute", "content_type": 70, "codename": "add_lineattribute"}}, {"model": "auth.permission", "pk": 210, "fields": {"name": "Can change Line Attribute", "content_type": 70, "codename": "change_lineattribute"}}, {"model": "auth.permission", "pk": 211, "fields": {"name": "Can delete Line Attribute", "content_type": 70, "codename": "delete_lineattribute"}}, {"model": "auth.permission", "pk": 212, "fields": {"name": "Can add Payment Event Type", "content_type": 71, "codename": "add_paymenteventtype"}}, {"model": "auth.permission", "pk": 213, "fields": {"name": "Can change Payment Event Type", "content_type": 71, "codename": "change_paymenteventtype"}}, {"model": "auth.permission", "pk": 214, "fields": {"name": "Can delete Payment Event Type", "content_type": 71, "codename": "delete_paymenteventtype"}}, {"model": "auth.permission", "pk": 215, "fields": {"name": "Can add Payment Event", "content_type": 72, "codename": "add_paymentevent"}}, {"model": "auth.permission", "pk": 216, "fields": {"name": "Can change Payment Event", "content_type": 72, "codename": "change_paymentevent"}}, {"model": "auth.permission", "pk": 217, "fields": {"name": "Can delete Payment Event", "content_type": 72, "codename": "delete_paymentevent"}}, {"model": "auth.permission", "pk": 218, "fields": {"name": "Can add Order", "content_type": 73, "codename": "add_order"}}, {"model": "auth.permission", "pk": 219, "fields": {"name": "Can change Order", "content_type": 73, "codename": "change_order"}}, {"model": "auth.permission", "pk": 220, "fields": {"name": "Can delete Order", "content_type": 73, "codename": "delete_order"}}, {"model": "auth.permission", "pk": 221, "fields": {"name": "Can add Product alert", "content_type": 74, "codename": "add_productalert"}}, {"model": "auth.permission", "pk": 222, "fields": {"name": "Can change Product alert", "content_type": 74, "codename": "change_productalert"}}, {"model": "auth.permission", "pk": 223, "fields": {"name": "Can delete Product alert", "content_type": 74, "codename": "delete_productalert"}}, {"model": "auth.permission", "pk": 224, "fields": {"name": "Can add Notification", "content_type": 75, "codename": "add_notification"}}, {"model": "auth.permission", "pk": 225, "fields": {"name": "Can change Notification", "content_type": 75, "codename": "change_notification"}}, {"model": "auth.permission", "pk": 226, "fields": {"name": "Can delete Notification", "content_type": 75, "codename": "delete_notification"}}, {"model": "auth.permission", "pk": 227, "fields": {"name": "Can add Email", "content_type": 76, "codename": "add_email"}}, {"model": "auth.permission", "pk": 228, "fields": {"name": "Can change Email", "content_type": 76, "codename": "change_email"}}, {"model": "auth.permission", "pk": 229, "fields": {"name": "Can delete Email", "content_type": 76, "codename": "delete_email"}}, {"model": "auth.permission", "pk": 230, "fields": {"name": "Can add Communication event type", "content_type": 77, "codename": "add_communicationeventtype"}}, {"model": "auth.permission", "pk": 231, "fields": {"name": "Can change Communication event type", "content_type": 77, "codename": "change_communicationeventtype"}}, {"model": "auth.permission", "pk": 232, "fields": {"name": "Can delete Communication event type", "content_type": 77, "codename": "delete_communicationeventtype"}}, {"model": "auth.permission", "pk": 233, "fields": {"name": "Can add Keyword Promotion", "content_type": 78, "codename": "add_keywordpromotion"}}, {"model": "auth.permission", "pk": 234, "fields": {"name": "Can change Keyword Promotion", "content_type": 78, "codename": "change_keywordpromotion"}}, {"model": "auth.permission", "pk": 235, "fields": {"name": "Can delete Keyword Promotion", "content_type": 78, "codename": "delete_keywordpromotion"}}, {"model": "auth.permission", "pk": 236, "fields": {"name": "Can add Automatic product list", "content_type": 79, "codename": "add_automaticproductlist"}}, {"model": "auth.permission", "pk": 237, "fields": {"name": "Can change Automatic product list", "content_type": 79, "codename": "change_automaticproductlist"}}, {"model": "auth.permission", "pk": 238, "fields": {"name": "Can delete Automatic product list", "content_type": 79, "codename": "delete_automaticproductlist"}}, {"model": "auth.permission", "pk": 239, "fields": {"name": "Can add Ordered product", "content_type": 80, "codename": "add_orderedproduct"}}, {"model": "auth.permission", "pk": 240, "fields": {"name": "Can change Ordered product", "content_type": 80, "codename": "change_orderedproduct"}}, {"model": "auth.permission", "pk": 241, "fields": {"name": "Can delete Ordered product", "content_type": 80, "codename": "delete_orderedproduct"}}, {"model": "auth.permission", "pk": 242, "fields": {"name": "Can add Raw HTML", "content_type": 81, "codename": "add_rawhtml"}}, {"model": "auth.permission", "pk": 243, "fields": {"name": "Can change Raw HTML", "content_type": 81, "codename": "change_rawhtml"}}, {"model": "auth.permission", "pk": 244, "fields": {"name": "Can delete Raw HTML", "content_type": 81, "codename": "delete_rawhtml"}}, {"model": "auth.permission", "pk": 245, "fields": {"name": "Can add Image", "content_type": 82, "codename": "add_image"}}, {"model": "auth.permission", "pk": 246, "fields": {"name": "Can change Image", "content_type": 82, "codename": "change_image"}}, {"model": "auth.permission", "pk": 247, "fields": {"name": "Can delete Image", "content_type": 82, "codename": "delete_image"}}, {"model": "auth.permission", "pk": 248, "fields": {"name": "Can add Hand Picked Product List", "content_type": 83, "codename": "add_handpickedproductlist"}}, {"model": "auth.permission", "pk": 249, "fields": {"name": "Can change Hand Picked Product List", "content_type": 83, "codename": "change_handpickedproductlist"}}, {"model": "auth.permission", "pk": 250, "fields": {"name": "Can delete Hand Picked Product List", "content_type": 83, "codename": "delete_handpickedproductlist"}}, {"model": "auth.permission", "pk": 251, "fields": {"name": "Can add Tabbed Block", "content_type": 84, "codename": "add_tabbedblock"}}, {"model": "auth.permission", "pk": 252, "fields": {"name": "Can change Tabbed Block", "content_type": 84, "codename": "change_tabbedblock"}}, {"model": "auth.permission", "pk": 253, "fields": {"name": "Can delete Tabbed Block", "content_type": 84, "codename": "delete_tabbedblock"}}, {"model": "auth.permission", "pk": 254, "fields": {"name": "Can add Single product", "content_type": 85, "codename": "add_singleproduct"}}, {"model": "auth.permission", "pk": 255, "fields": {"name": "Can change Single product", "content_type": 85, "codename": "change_singleproduct"}}, {"model": "auth.permission", "pk": 256, "fields": {"name": "Can delete Single product", "content_type": 85, "codename": "delete_singleproduct"}}, {"model": "auth.permission", "pk": 257, "fields": {"name": "Can add Ordered Product List", "content_type": 86, "codename": "add_orderedproductlist"}}, {"model": "auth.permission", "pk": 258, "fields": {"name": "Can change Ordered Product List", "content_type": 86, "codename": "change_orderedproductlist"}}, {"model": "auth.permission", "pk": 259, "fields": {"name": "Can delete Ordered Product List", "content_type": 86, "codename": "delete_orderedproductlist"}}, {"model": "auth.permission", "pk": 260, "fields": {"name": "Can add Page Promotion", "content_type": 87, "codename": "add_pagepromotion"}}, {"model": "auth.permission", "pk": 261, "fields": {"name": "Can change Page Promotion", "content_type": 87, "codename": "change_pagepromotion"}}, {"model": "auth.permission", "pk": 262, "fields": {"name": "Can delete Page Promotion", "content_type": 87, "codename": "delete_pagepromotion"}}, {"model": "auth.permission", "pk": 263, "fields": {"name": "Can add Multi Image", "content_type": 88, "codename": "add_multiimage"}}, {"model": "auth.permission", "pk": 264, "fields": {"name": "Can change Multi Image", "content_type": 88, "codename": "change_multiimage"}}, {"model": "auth.permission", "pk": 265, "fields": {"name": "Can delete Multi Image", "content_type": 88, "codename": "delete_multiimage"}}, {"model": "auth.permission", "pk": 266, "fields": {"name": "Can add VoucherSet", "content_type": 89, "codename": "add_voucherset"}}, {"model": "auth.permission", "pk": 267, "fields": {"name": "Can change VoucherSet", "content_type": 89, "codename": "change_voucherset"}}, {"model": "auth.permission", "pk": 268, "fields": {"name": "Can delete VoucherSet", "content_type": 89, "codename": "delete_voucherset"}}, {"model": "auth.permission", "pk": 269, "fields": {"name": "Can add Voucher Application", "content_type": 90, "codename": "add_voucherapplication"}}, {"model": "auth.permission", "pk": 270, "fields": {"name": "Can change Voucher Application", "content_type": 90, "codename": "change_voucherapplication"}}, {"model": "auth.permission", "pk": 271, "fields": {"name": "Can delete Voucher Application", "content_type": 90, "codename": "delete_voucherapplication"}}, {"model": "auth.permission", "pk": 272, "fields": {"name": "Can add Voucher", "content_type": 91, "codename": "add_voucher"}}, {"model": "auth.permission", "pk": 273, "fields": {"name": "Can change Voucher", "content_type": 91, "codename": "change_voucher"}}, {"model": "auth.permission", "pk": 274, "fields": {"name": "Can delete Voucher", "content_type": 91, "codename": "delete_voucher"}}, {"model": "auth.permission", "pk": 275, "fields": {"name": "Can add Wish List", "content_type": 92, "codename": "add_wishlist"}}, {"model": "auth.permission", "pk": 276, "fields": {"name": "Can change Wish List", "content_type": 92, "codename": "change_wishlist"}}, {"model": "auth.permission", "pk": 277, "fields": {"name": "Can delete Wish List", "content_type": 92, "codename": "delete_wishlist"}}, {"model": "auth.permission", "pk": 278, "fields": {"name": "Can add Wish list line", "content_type": 93, "codename": "add_line"}}, {"model": "auth.permission", "pk": 279, "fields": {"name": "Can change Wish list line", "content_type": 93, "codename": "change_line"}}, {"model": "auth.permission", "pk": 280, "fields": {"name": "Can delete Wish list line", "content_type": 93, "codename": "delete_line"}}, {"model": "auth.permission", "pk": 281, "fields": {"name": "Can add kv store", "content_type": 94, "codename": "add_kvstore"}}, {"model": "auth.permission", "pk": 282, "fields": {"name": "Can change kv store", "content_type": 94, "codename": "change_kvstore"}}, {"model": "auth.permission", "pk": 283, "fields": {"name": "Can delete kv store", "content_type": 94, "codename": "delete_kvstore"}}, {"model": "auth.group", "pk": 1, "fields": {"name": "Admin", "permissions": [40, 41, 42, 37, 38, 39, 1, 2, 3, 28, 29, 30, 31, 32, 33, 25, 26, 27, 34, 35, 36, 10, 11, 12, 4, 5, 6, 7, 8, 9, 110, 111, 112, 107, 108, 109, 104, 105, 106, 70, 71, 72, 61, 62, 63, 76, 77, 78, 82, 83, 84, 67, 68, 69, 52, 53, 54, 55, 56, 57, 64, 65, 66, 58, 59, 60, 73, 74, 75, 79, 80, 81, 13, 14, 15, 230, 231, 232, 227, 228, 229, 224, 225, 226, 221, 222, 223, 22, 23, 24, 161, 131, 146, 170, 152, 164, 143, 173, 167, 162, 132, 147, 171, 153, 165, 144, 174, 168, 163, 133, 148, 172, 154, 166, 145, 175, 169, 125, 149, 128, 137, 126, 150, 129, 138, 127, 151, 130, 139, 140, 141, 142, 155, 156, 157, 158, 159, 160, 134, 135, 136, 182, 183, 184, 188, 189, 190, 203, 204, 205, 209, 210, 211, 197, 198, 199, 218, 219, 220, 206, 207, 208, 185, 186, 187, 215, 216, 217, 176, 177, 178, 212, 213, 214, 200, 201, 202, 194, 195, 196, 179, 180, 181, 191, 192, 193, 97, 98, 100, 99, 91, 92, 93, 101, 102, 103, 94, 95, 96, 122, 123, 124, 113, 114, 115, 119, 120, 121, 116, 117, 118, 236, 237, 238, 248, 249, 250, 245, 246, 247, 233, 234, 235, 263, 264, 265, 239, 240, 241, 257, 258, 259, 260, 261, 262, 242, 243, 244, 254, 255, 256, 251, 252, 253, 88, 89, 90, 85, 86, 87, 16, 17, 18, 49, 50, 51, 46, 47, 48, 43, 44, 45, 19, 20, 21, 281, 282, 283, 272, 273, 274, 269, 270, 271, 266, 267, 268, 278, 279, 280, 275, 276, 277]}}, {"model": "auth.group", "pk": 2, "fields": {"name": "Shopper", "permissions": []}}, {"model": "auth.user", "pk": 1, "fields": {"password": "pbkdf2_sha256$100000$AfwEfHEMJTKS$8aUZc3oFtwl2rR96A7Ws13xgh0VVerNyamK8zHUoFqc=", "last_login": "2018-12-08T20:50:50Z", "is_superuser": true, "username": "admin", "first_name": "Admin", "last_name": "User", "email": "admin@root.com", "is_staff": true, "is_active": true, "date_joined": "2018-12-08T20:50:35Z", "groups": [], "user_permissions": [40, 41, 42, 37, 38, 39, 1, 2, 3, 28, 29, 30, 31, 32, 33, 25, 26, 27, 34, 35, 36, 10, 11, 12, 4, 5, 6, 7, 8, 9, 110, 111, 112, 107, 108, 109, 104, 105, 106, 70, 71, 72, 61, 62, 63, 76, 77, 78, 82, 83, 84, 67, 68, 69, 52, 53, 54, 55, 56, 57, 64, 65, 66, 58, 59, 60, 73, 74, 75, 79, 80, 81, 13, 14, 15, 230, 231, 232, 227, 228, 229, 224, 225, 226, 221, 222, 223, 22, 23, 24, 161, 131, 146, 170, 152, 164, 143, 173, 167, 162, 132, 147, 171, 153, 165, 144, 174, 168, 163, 133, 148, 172, 154, 166, 145, 175, 169, 125, 149, 128, 137, 126, 150, 129, 138, 127, 151, 130, 139, 140, 141, 142, 155, 156, 157, 158, 159, 160, 134, 135, 136, 182, 183, 184, 188, 189, 190, 203, 204, 205, 209, 210, 211, 197, 198, 199, 218, 219, 220, 206, 207, 208, 185, 186, 187, 215, 216, 217, 176, 177, 178, 212, 213, 214, 200, 201, 202, 194, 195, 196, 179, 180, 181, 191, 192, 193, 97, 98, 100, 99, 91, 92, 93, 101, 102, 103, 94, 95, 96, 122, 123, 124, 113, 114, 115, 119, 120, 121, 116, 117, 118, 236, 237, 238, 248, 249, 250, 245, 246, 247, 233, 234, 235, 263, 264, 265, 239, 240, 241, 257, 258, 259, 260, 261, 262, 242, 243, 244, 254, 255, 256, 251, 252, 253, 88, 89, 90, 85, 86, 87, 16, 17, 18, 49, 50, 51, 46, 47, 48, 43, 44, 45, 19, 20, 21, 281, 282, 283, 272, 273, 274, 269, 270, 271, 266, 267, 268, 278, 279, 280, 275, 276, 277]}}, {"model": "auth.user", "pk": 2, "fields": {"password": "pbkdf2_sha256$100000$RpC7qfkm1b7s$oV60kGcFV/KE/mc+MizG0aLGo9q9Q/zFXMN+t7GOcuo=", "last_login": "2018-12-08T22:55:02.416Z", "is_superuser": false, "username": "shopper", "first_name": "Duka", "last_name": "User", "email": "user@root.com", "is_staff": false, "is_active": true, "date_joined": "2018-12-08T21:11:22Z", "groups": [2], "user_permissions": [37, 38, 39, 7, 8, 9, 221, 222, 223, 161, 131, 146, 170, 152, 164, 143, 200, 201, 202, 124, 275, 276, 277]}}, {"model": "analytics.userrecord", "pk": 1, "fields": {"user": 1, "num_product_views": 9, "num_basket_additions": 1, "num_orders": 0, "num_order_lines": 0, "num_order_items": 0, "total_spent": "0.00", "date_last_order": null}}, {"model": "analytics.userrecord", "pk": 2, "fields": {"user": 2, "num_product_views": 1, "num_basket_additions": 0, "num_orders": 0, "num_order_lines": 0, "num_order_items": 0, "total_spent": "0.00", "date_last_order": null}}, {"model": "analytics.userproductview", "pk": 1, "fields": {"user": 1, "product": 11, "date_created": "2018-12-08T22:03:55.317Z"}}, {"model": "analytics.userproductview", "pk": 2, "fields": {"user": 1, "product": 11, "date_created": "2018-12-08T22:05:42.270Z"}}, {"model": "analytics.userproductview", "pk": 3, "fields": {"user": 1, "product": 11, "date_created": "2018-12-08T22:06:33.419Z"}}, {"model": "analytics.userproductview", "pk": 4, "fields": {"user": 1, "product": 11, "date_created": "2018-12-08T22:06:51.155Z"}}, {"model": "analytics.userproductview", "pk": 5, "fields": {"user": 1, "product": 11, "date_created": "2018-12-08T22:06:57.845Z"}}, {"model": "analytics.userproductview", "pk": 6, "fields": {"user": 1, "product": 11, "date_created": "2018-12-08T22:11:28.489Z"}}, {"model": "analytics.userproductview", "pk": 7, "fields": {"user": 1, "product": 6, "date_created": "2018-12-08T22:25:24.448Z"}}, {"model": "analytics.userproductview", "pk": 8, "fields": {"user": 1, "product": 1, "date_created": "2018-12-08T22:48:22.248Z"}}, {"model": "analytics.userproductview", "pk": 9, "fields": {"user": 1, "product": 1, "date_created": "2018-12-08T22:48:26.680Z"}}, {"model": "analytics.userproductview", "pk": 10, "fields": {"user": 2, "product": 13, "date_created": "2018-12-08T23:21:05.213Z"}}, {"model": "partner.partner", "pk": 1, "fields": {"code": "partner1", "name": "Partner1", "email": "Supplier@supllies.com", "address": "123 Supply Road", "phone_number": "+254764444444", "users": []}}, {"model": "partner.partner", "pk": 2, "fields": {"code": "partner2", "name": "Partner2", "email": "Supplier2@supplies.com", "address": "328 Supply Close", "phone_number": "+12343455565", "users": []}}, {"model": "basket.basket", "pk": 1, "fields": {"owner": 1, "status": "Open", "date_created": "2018-12-08T21:22:39.613Z", "date_merged": null, "date_submitted": null, "vouchers": []}}, {"model": "basket.basket", "pk": 2, "fields": {"owner": null, "status": "Merged", "date_created": "2018-12-08T22:54:21.209Z", "date_merged": "2018-12-08T22:55:02.665Z", "date_submitted": null, "vouchers": []}}, {"model": "basket.basket", "pk": 3, "fields": {"owner": 2, "status": "Open", "date_created": "2018-12-08T22:55:02.659Z", "date_merged": null, "date_submitted": null, "vouchers": []}}, {"model": "admin.logentry", "pk": 1, "fields": {"action_time": "2018-12-08T21:10:32.150Z", "user": 1, "content_type": 3, "object_id": "1", "object_repr": "admin", "action_flag": 2, "change_message": "[{\"changed\": {\"fields\": [\"first_name\", \"last_name\", \"user_permissions\"]}}]"}}, {"model": "admin.logentry", "pk": 2, "fields": {"action_time": "2018-12-08T21:11:22.705Z", "user": 1, "content_type": 3, "object_id": "2", "object_repr": "shopper", "action_flag": 1, "change_message": "[{\"added\": {}}]"}}, {"model": "admin.logentry", "pk": 3, "fields": {"action_time": "2018-12-08T22:37:25.376Z", "user": 1, "content_type": 3, "object_id": "2", "object_repr": "shopper", "action_flag": 2, "change_message": "[{\"changed\": {\"fields\": [\"first_name\", \"last_name\", \"email\"]}}]"}}, {"model": "admin.logentry", "pk": 4, "fields": {"action_time": "2018-12-08T22:37:44.854Z", "user": 1, "content_type": 4, "object_id": "1", "object_repr": "Admin", "action_flag": 1, "change_message": "[{\"added\": {}}]"}}, {"model": "admin.logentry", "pk": 5, "fields": {"action_time": "2018-12-08T22:38:12.344Z", "user": 1, "content_type": 4, "object_id": "2", "object_repr": "Shopper", "action_flag": 1, "change_message": "[{\"added\": {}}]"}}, {"model": "admin.logentry", "pk": 6, "fields": {"action_time": "2018-12-08T22:41:02.401Z", "user": 1, "content_type": 3, "object_id": "2", "object_repr": "shopper", "action_flag": 2, "change_message": "[{\"changed\": {\"fields\": [\"groups\", \"user_permissions\"]}}]"}}, {"model": "admin.logentry", "pk": 7, "fields": {"action_time": "2018-12-08T22:41:40.900Z", "user": 1, "content_type": 3, "object_id": "2", "object_repr": "shopper", "action_flag": 2, "change_message": "[{\"changed\": {\"fields\": [\"first_name\", \"last_name\", \"email\"]}}]"}}, {"model": "admin.logentry", "pk": 8, "fields": {"action_time": "2018-12-08T22:43:11.842Z", "user": 1, "content_type": 3, "object_id": "2", "object_repr": "shopper", "action_flag": 2, "change_message": "[{\"changed\": {\"fields\": [\"user_permissions\"]}}]"}}, {"model": "admin.logentry", "pk": 9, "fields": {"action_time": "2018-12-08T22:43:56.975Z", "user": 1, "content_type": 3, "object_id": "2", "object_repr": "shopper", "action_flag": 2, "change_message": "[{\"changed\": {\"fields\": [\"user_permissions\"]}}]"}}]